Boots;;;;;;;;;;;
;Patrizia Pepe;F;Shoes;Boots;Knee-high boots;;Patrizia Pepe-F-Knee-high boots;TRUE;FALSE;ðŸ”—;https://www.vinted.fr/catalog?time=1730645566&order=newest_first&brand_ids%5B%5D=7125&catalog%5B%5D=211&page=1
;Balenciaga;F;Shoes;Boots;Knee-high boots;;Balenciaga-F-Boots;TRUE;FALSE;ðŸ”—;https://www.vinted.fr/catalog?time=1730639066&catalog%5B%5D=211&order=newest_first&brand_ids%5B%5D=2369&page=1
;Isabel Marant;F;Shoes;Boots;Knee-high boots;;Isabel Marant-F-Boots;TRUE;FALSE;ðŸ”—;https://www.vinted.fr/catalog?time=1730218732&order=newest_first&catalog[]=211&brand_ids[]=121&page=1
;Lanvin;F;Shoes;Boots;Knee-high boots;;Lanvin-F-Boots;TRUE;FALSE;ðŸ”—;https://www.vinted.fr/catalog?time=1730638836&catalog%5B%5D=211&brand_ids%5B%5D=5257&order=newest_first&page=1
;See By ChloÃ©;F;Shoes;Boots;Knee-high boots;;See By ChloÃ©-F-Boots;TRUE;FALSE;ðŸ”—;https://www.vinted.fr/catalog?time=1730218433&order=newest_first&brand_ids[]=1472883&catalog[]=211&page=1
;Helmut Lang;F;;Boots;;;Helmut Lang-F-Boots;TRUE;FALSE;ðŸ”—;https://www.vinted.fr/catalog?time=1730975606&catalog[]=1049&brand_ids[]=47829&page=1
All;;;;;;;;;;;
;5351 Pour Les Femmes;F;All;All;;;5351 Pour Les Femmes-F-All;FALSE;FALSE;ðŸ”—;https://www.vinted.fr/catalog?brand_ids[]=15514176&disabled_personalization=true&order=relevance&search_start_type=item_page_summary_brand&time=1731261029
;A.F. Vandevorst;F&M;ALL;All;;;A.F. Vandevorst-F&M-All;FALSE;FALSE;ðŸ”—;https://www.vinted.fr/catalog?time=1730209967&brand_ids[]=15088881&page=1
;Alessandro De Benedetti;F;All;All;;;Alessandro De Benedetti-F-All;FALSE;FALSE;ðŸ”—;https://www.vinted.fr/catalog?brand_ids[]=391345&disabled_personalization=true&order=relevance&search_start_type=item_page_summary_brand&time=1731585582
;Alexander van Slobbe;F;All;All;;;Alexander van Slobbe-F-All;FALSE;FALSE;ðŸ”—;https://www.vinted.fr/catalog?search_text=Alexander van Slobbe&time=1731583876
;Andrew Mackenzie;F;All;All;;;Andrew Mackenzie-F-All;FALSE;FALSE;ðŸ”—;https://www.vinted.fr/catalog?disabled_personalization=true&order=relevance&search_start_type=item_page_summary_brand&time=1731260830&brand_ids[]=326955&catalog[]=4&page=1
;Anti-Flirt;F;;All;;;Anti-Flirt-F-All;TRUE;FALSE;ðŸ”—;https://www.vinted.fr/catalog?time=1730919890&catalog[]=1904&brand_ids[]=4201&page=1
;Balenciaga by GhesquiÃ¨re;F;All;All;;;Balenciaga by GhesquiÃ¨re-F-All;TRUE;FALSE;ðŸ”—;https://www.vinted.fr/catalog?disabled_personalization=true&order=relevance&search_start_type=item_page_summary_brand&time=1731585735&search_text=GhesquiÃ¨re&catalog[]=4&page=1
;Jean Colonna;F;All;All;;;Jean Colonna-F-All;TRUE;FALSE;ðŸ”—;https://www.vinted.fr/catalog?brand_ids[]=612459&disabled_personalization=true&order=relevance&search_start_type=item_page_summary_brand&time=1731260334
;Junya Watanabe;F;All;All;;;Junya Watanabe-F-All;TRUE;FALSE;ðŸ”—;https://www.vinted.fr/catalog?time=1730650628&order=price_low_to_high&currency=EUR&brand_ids%5B%5D=235040&catalog%5B%5D=1904&page=1
;Kamora;F;Clothing;All;;;Kamora-F-All;TRUE;FALSE;ðŸ”—;https://www.vinted.fr/catalog?time=1730912509&order=newest_first&catalog[]=1037&brand_ids[]=27499&page=1
;lutz huelle;F;All;All;;;lutz huelle-F-All;TRUE;FALSE;ðŸ”—;https://www.vinted.fr/catalog?brand_ids[]=271459&disabled_personalization=true&order=relevance&search_start_type=item_page_summary_brand&time=1731583027
;Marcel Marongiu;F;All;All;;;Marcel Marongiu-F-All;TRUE;FALSE;ðŸ”—;https://www.vinted.fr/catalog?brand_ids[]=140256&disabled_personalization=true&order=relevance&search_start_type=item_page_summary_brand&time=1731582451
;Martine Sitbon;F;;All;;;Martine Sitbon-F-All;TRUE;FALSE;ðŸ”—;https://www.vinted.fr/catalog?time=1730975900&catalog[]=1904&brand_ids[]=193012&page=1
;Michiko Koshino;F;All;All;;;Michiko Koshino-F-All;TRUE;FALSE;ðŸ”—;https://www.vinted.fr/catalog?brand_ids[]=210684&disabled_personalization=true&order=relevance&search_start_type=item_page_summary_brand&time=1731582837&catalog[]=4&page=1
;Orson + Bodil;F;All;All;;;Orson + Bodil-F-All;TRUE;FALSE;ðŸ”—;https://www.vinted.fr/catalog?brand_ids[]=2309175&search_start_type=item_page_brand&time=1731583689
;Preen;F;;All;;;Preen-F-All;TRUE;FALSE;ðŸ”—;https://www.vinted.fr/catalog?time=1730976237&catalog[]=1904&brand_ids[]=470251&brand_ids[]=359230&page=1
;Psycho Cowboy;F&M;All;All;;;Psycho Cowboy-F&M-All;TRUE;FALSE;ðŸ”—;https://www.vinted.fr/catalog?time=1730847051&brand_ids[]=530331&page=1
;Roland Mouret;F;All;All;;;Roland Mouret-F-All;TRUE;FALSE;ðŸ”—;https://www.vinted.fr/catalog?disabled_personalization=true&order=relevance&search_start_type=item_page_summary_brand&time=1731582733&brand_ids[]=323560&page=1
;Sophia kokosalaki;F;All;All;;;Sophia kokosalaki-F-All;TRUE;FALSE;ðŸ”—;https://www.vinted.fr/catalog?brand_ids[]=245774&disabled_personalization=true&order=relevance&search_start_type=item_page_summary_brand&time=1731583130
;Tim Van Steenbergen;F;All;All;;;Tim Van Steenbergen-F-All;TRUE;FALSE;ðŸ”—;https://www.vinted.fr/catalog?brand_ids[]=179476&search_start_type=item_page_brand&time=1731584775
;tornado Mart;F;All;All;;;tornado Mart-F-All;TRUE;FALSE;ðŸ”—;https://www.vinted.fr/catalog?brand_ids[]=2009100&disabled_personalization=true&order=newest_first&search_start_type=item_page_summary_brand&time=1731261248&page=1
;Trebor;F;Clothing;All;;;Trebor-F-All;TRUE;FALSE;ðŸ”—;https://www.vinted.fr/catalog?time=1730912434&order=newest_first&catalog[]=4&brand_ids[]=255602&page=1
;Trente trois;F;Clothing;All;;;Trente trois-F-All;TRUE;FALSE;ðŸ”—;https://www.vinted.fr/catalog?time=1730911953&order=newest_first&catalog[]=4&brand_ids[]=2501&page=1
Tops & Tshirts;;;;;;;;;;;
;Adolfo Dominguez;F;;Tops & Tshirts;;;Adolfo Dominguez-F-Tops & Tshirts;TRUE;FALSE;ðŸ”—;https://www.vinted.fr/catalog?time=1730919489&catalog[]=12&brand_ids[]=3261&page=1
;Agnes B.;F;Clothing;Tops & Tshirts;;;Agnes B.-F-Tops & Tshirts;TRUE;TRUE;ðŸ”—;https://www.vinted.fr/catalog?time=1730650521&brand_ids%5B%5D=677&catalog%5B%5D=12&page=1
;Airfield;F;Clothing;Tops & Tshirts;;;Airfield-F-Tops & Tshirts;TRUE;FALSE;ðŸ”—;https://www.vinted.fr/catalog?time=1730845656&brand_ids[]=33931&catalog[]=12&page=1
;Alberta Ferretti;F;;Tops & Tshirts;;;Alberta Ferretti-F-Tops & Tshirts;TRUE;FALSE;ðŸ”—;https://www.vinted.fr/catalog?time=1730919552&catalog[]=12&brand_ids[]=40245&page=1
;Alessandro Dell'Acqua;F;Clothing;Tops & Tshirts;;;Alessandro Dell'Acqua-F-Tops & Tshirts;TRUE;TRUE;ðŸ”—;https://www.vinted.fr/catalog?time=1730218135&catalog[]=12&brand_ids[]=478543&order=newest_first&page=1
;Alexander McQueen;F;;Tops & Tshirts;;;Alexander McQueen-F-Tops & Tshirts;TRUE;FALSE;ðŸ”—;https://www.vinted.fr/catalog?time=1730919716&catalog[]=12&brand_ids[]=52193&page=1
;Annarita N;F;;Tops & Tshirts;;;Annarita N-F-Tops & Tshirts;TRUE;FALSE;ðŸ”—;https://www.vinted.fr/catalog?time=1730919774&catalog[]=12&brand_ids[]=326790&page=1
;Antonio Berardi;F;;Tops & Tshirts;;;Antonio Berardi-F-Tops & Tshirts;TRUE;FALSE;ðŸ”—;https://www.vinted.fr/catalog?time=1730919958&catalog[]=12&brand_ids[]=333914&page=1
;Atos lombardini;F;Clothing;Tops & Tshirts;;;Atos lombardini-F-Tops & Tshirts;TRUE;FALSE;ðŸ”—;https://www.vinted.fr/catalog?time=1730844354&catalog[]=12&brand_ids[]=181716&page=1
;Bernhard Willhelm;F;;Tops & Tshirts;;;Bernhard Willhelm-F-Tops & Tshirts;TRUE;FALSE;ðŸ”—;https://www.vinted.fr/catalog?time=1730920125&catalog[]=12&brand_ids[]=450886&page=1
;Byblos;F;Clothing;Tops & Tshirts;;;Byblos-F-Tops & Tshirts;TRUE;FALSE;ðŸ”—;https://www.vinted.fr/catalog?time=1730911286&order=newest_first&catalog[]=12&brand_ids[]=150898&page=1
;Celyn B;F;Clothing;Tops & Tshirts;;;Celyn B-F-Tops & Tshirts;TRUE;FALSE;ðŸ”—;https://www.vinted.fr/catalog?time=1730845045&catalog[]=12&brand_ids[]=171284&page=1
;Christian Lacroix;F;;Tops & Tshirts;;;Christian Lacroix-F-Tops & Tshirts;TRUE;FALSE;ðŸ”—;https://www.vinted.fr/catalog?time=1730920270&catalog[]=12&brand_ids[]=2963&page=1
;Compagnia Italiana;F;Clothing;Tops & Tshirts;;;Compagnia Italiana-F-Tops & Tshirts;TRUE;FALSE;ðŸ”—;https://www.vinted.fr/catalog?time=1730844129&catalog[]=1037&brand_ids[]=209548&page=1
;Costume national;F;Clothing;Tops & Tshirts;;;Costume national-F-Tops & Tshirts;TRUE;TRUE;ðŸ”—;https://www.vinted.fr/catalog?time=1730651599&order=price_low_to_high&currency=EUR&brand_ids%5B%5D=14101&brand_ids%5B%5D=10249&catalog%5B%5D=12&page=1
;Daniele alessandrini;F;Clothing;Tops & Tshirts;;;Daniele alessandrini-F-Tops & Tshirts;TRUE;FALSE;ðŸ”—;https://www.vinted.fr/catalog?time=1730916133&order=newest_first&catalog[]=12&brand_ids[]=331540&page=1
;Dirk Bikkembergs;F;;Tops & Tshirts;;;Dirk Bikkembergs-F-Tops & Tshirts;TRUE;FALSE;ðŸ”—;https://www.vinted.fr/catalog?time=1730920635&brand_ids[]=20929&catalog[]=12&page=1
;Double One;F;Clothing;Tops & Tshirts;;;Double One-F-Tops & Tshirts;TRUE;FALSE;ðŸ”—;https://www.vinted.fr/catalog?time=1730844682&catalog[]=12&brand_ids[]=17575&page=1
;Dries Van Noten;F;;Tops & Tshirts;;;Dries Van Noten-F-Tops & Tshirts;TRUE;FALSE;ðŸ”—;https://www.vinted.fr/catalog?time=1730920786&brand_ids[]=72138&catalog[]=12&page=1
;Fornarina;F;Clothing;Tops & Tshirts;;;Fornarina-F-Tops & Tshirts;TRUE;TRUE;ðŸ”—;https://www.vinted.fr/catalog?time=1730651917&order=price_low_to_high&currency=EUR&brand_ids%5B%5D=4335&catalog%5B%5D=12&page=1
;FUZZI;F;;Tops & Tshirts;;;FUZZI-F-Tops & Tshirts;TRUE;FALSE;ðŸ”—;https://www.vinted.fr/catalog?time=1730920927&brand_ids[]=227826&catalog[]=12&page=1
;Gaetano Navarra;F;;Tops & Tshirts;;;Gaetano Navarra-F-Tops & Tshirts;TRUE;FALSE;ðŸ”—;https://www.vinted.fr/catalog?time=1730920977&brand_ids[]=224156&catalog[]=12&page=1
;Gianfranco Ferre;F;;Tops & Tshirts;;;Gianfranco Ferre-F-Tops & Tshirts;TRUE;FALSE;ðŸ”—;https://www.vinted.fr/catalog?time=1730921049&brand_ids[]=1933&catalog[]=12&page=1
;Gsus;F;Clothing;Tops & Tshirts;;;Gsus-F-Tops & Tshirts;TRUE;FALSE;ðŸ”—;https://www.vinted.fr/catalog?time=1730846824&brand_ids[]=12041&catalog[]=12&page=1
;Gucci;F;;Tops & Tshirts;;;Gucci-F-Tops & Tshirts;TRUE;FALSE;ðŸ”—;https://www.vinted.fr/catalog?time=1730975559&catalog[]=12&brand_ids[]=567&page=1
;Helmut Lang;F;;Tops & Tshirts;;;Helmut Lang-F-Tops & Tshirts;TRUE;FALSE;ðŸ”—;https://www.vinted.fr/catalog?time=1730975577&catalog[]=12&brand_ids[]=47829&page=1
;John Galliano;F;;Tops & Tshirts;;;John Galliano-F-Tops & Tshirts;TRUE;FALSE;ðŸ”—;https://www.vinted.fr/catalog?time=1730975673&catalog[]=12&brand_ids[]=10613&page=1
;Karen Millen;F;Clothing;Tops & Tshirts;;;Karen Millen-F-Tops & Tshirts;TRUE;FALSE;ðŸ”—;https://www.vinted.fr/catalog?time=1730914619&order=newest_first&catalog[]=12&brand_ids[]=4271&page=1
;Katharine Hamnett;F;;Tops & Tshirts;;;Katharine Hamnett-F-Tops & Tshirts;TRUE;FALSE;ðŸ”—;https://www.vinted.fr/catalog?time=1730975736&brand_ids[]=439553&brand_ids[]=1177699&catalog[]=12&page=1
;Killah;F;Clothing;Tops & Tshirts;;;Killah-F-Tops & Tshirts;TRUE;FALSE;ðŸ”—;https://www.vinted.fr/catalog?time=1730845360&catalog[]=12&brand_ids[]=2291&page=1
;Kosmika;F;Clothing;Tops & Tshirts;;;Kosmika-F-Tops & Tshirts;TRUE;FALSE;ðŸ”—;https://www.vinted.fr/catalog?time=1730843566&catalog[]=12&brand_ids[]=2097&page=1
;Le Full;F;Clothing;Tops & Tshirts;;;Le Full-F-Tops & Tshirts;TRUE;FALSE;ðŸ”—;https://www.vinted.fr/catalog?time=1730916707&catalog[]=12&brand_ids[]=410185&page=1
;Maison Margiela;F;Clothing;Tops & Tshirts;;250,00Â â‚¬;Maison Margiela-F-Tops & Tshirts;TRUE;TRUE;ðŸ”—;https://www.vinted.fr/catalog?time=1730639470&order=newest_first&brand_ids%5B%5D=639289&catalog%5B%5D=12&price_to=250&currency=EUR&page=1
;Manila Grace;F;Clothing;Tops & Tshirts;;;Manila Grace-F-Tops & Tshirts;TRUE;FALSE;ðŸ”—;https://www.vinted.fr/catalog?time=1730915431&order=newest_first&catalog[]=12&brand_ids[]=73058&page=1
;Mariagrazia Panizzi;F;Clothing;Tops & Tshirts;;;Mariagrazia Panizzi-F-Tops & Tshirts;TRUE;FALSE;ðŸ”—;https://www.vinted.fr/catalog?time=1730845984&catalog[]=12&brand_ids[]=6984922&page=1
;MarithÃ© + FranÃ§ois Girbaud;F;Clothing;Tops & Tshirts;;;MarithÃ© + FranÃ§ois Girbaud-F-Tops & Tshirts;TRUE;TRUE;ðŸ”—;https://www.vinted.fr/catalog?time=1730644222&order=newest_first&catalog%5B%5D=12&brand_ids%5B%5D=11521&brand_ids%5B%5D=2635&page=1
;Nina Ricci;F;;Tops & Tshirts;;;Nina Ricci-F-Tops & Tshirts;TRUE;FALSE;ðŸ”—;https://www.vinted.fr/catalog?time=1730976014&catalog[]=12&brand_ids[]=717&page=1
;Nolita;F;Clothing;Tops & Tshirts;;;Nolita-F-Tops & Tshirts;TRUE;TRUE;ðŸ”—;https://www.vinted.fr/catalog?time=1730643279&order=newest_first&brand_ids%5B%5D=6893&catalog%5B%5D=12&page=1
;Northland;F;Clothing;Tops & Tshirts;;;Northland-F-Tops & Tshirts;TRUE;FALSE;ðŸ”—;https://www.vinted.fr/catalog?time=1730845461&catalog[]=12&brand_ids[]=16767&page=1
;Oakley;F;Clothing;Tops & Tshirts;;;Oakley-F-Tops & Tshirts;TRUE;TRUE;ðŸ”—;https://www.vinted.fr/catalog?time=1730646920&order=newest_first&catalog%5B%5D=12&brand_ids%5B%5D=13197&brand_ids%5B%5D=5569523&brand_ids%5B%5D=6414907&currency=EUR&page=1
;Paola Frani;F;Clothing;Tops & Tshirts;;;Paola Frani-F-Tops & Tshirts;TRUE;FALSE;ðŸ”—;https://www.vinted.fr/catalog?time=1730915807&order=newest_first&catalog[]=12&brand_ids[]=223212&page=1
;Patrizia Pepe;F;Clothing;Tops & Tshirts;;;Patrizia Pepe-F-Tops & Tshirts;TRUE;TRUE;ðŸ”—;https://www.vinted.fr/catalog?time=1730645527&order=newest_first&brand_ids%5B%5D=7125&catalog%5B%5D=12&page=1
;Philosophy Di Alberta Ferretti;F;;Tops & Tshirts;;;Philosophy Di Alberta Ferretti-F-Tops & Tshirts;TRUE;FALSE;ðŸ”—;https://www.vinted.fr/catalog?time=1730976093&catalog[]=12&brand_ids[]=477646&page=1
;PianuraStudio;F;Clothing;Tops & Tshirts;;;PianuraStudio-F-Tops & Tshirts;TRUE;FALSE;ðŸ”—;https://www.vinted.fr/catalog?time=1730915472&order=newest_first&catalog[]=12&brand_ids[]=32979&page=1
;Plein Sud;F;;Tops & Tshirts;;;Plein Sud-F-Tops & Tshirts;TRUE;FALSE;ðŸ”—;https://www.vinted.fr/catalog?time=1730976143&catalog[]=12&brand_ids[]=51525&page=1
;Rick Owens;F;;Tops & Tshirts;;;Rick Owens-F-Tops & Tshirts;TRUE;FALSE;ðŸ”—;https://www.vinted.fr/catalog?time=1730976269&catalog[]=12&brand_ids[]=145654&page=1
;Sarah Pacini;F;Clothing;Tops & Tshirts;;;Sarah Pacini-F-Tops & Tshirts;TRUE;TRUE;ðŸ”—;https://www.vinted.fr/catalog?time=1730650897&order=price_low_to_high&currency=EUR&catalog%5B%5D=12&brand_ids%5B%5D=20445&page=1
;Scervino street;F;Clothing;Tops & Tshirts;;;Scervino street-F-Tops & Tshirts;TRUE;FALSE;ðŸ”—;https://www.vinted.fr/catalog?time=1730916879&catalog[]=12&brand_ids[]=158414&page=1
;Scrupoli;F;Clothing;Tops & Tshirts;;;Scrupoli-F-Tops & Tshirts;TRUE;TRUE;ðŸ”—;https://www.vinted.fr/catalog?time=1730651939&order=price_low_to_high&currency=EUR&catalog%5B%5D=12&brand_ids%5B%5D=524484&page=1
;sonia rykiel;F;Clothing;Tops & Tshirts;;;sonia rykiel-F-Tops & Tshirts;TRUE;TRUE;ðŸ”—;https://www.vinted.fr/catalog?time=1730650048&catalog%5B%5D=12&brand_ids%5B%5D=231&page=1
;Specchio;F;Clothing;Tops & Tshirts;;;Specchio-F-Tops & Tshirts;TRUE;FALSE;ðŸ”—;https://www.vinted.fr/catalog?time=1730847359&brand_ids[]=104986&catalog[]=12&page=1
;Stefanel;F;Clothing;Tops & Tshirts;;;Stefanel-F-Tops & Tshirts;TRUE;FALSE;ðŸ”—;https://www.vinted.fr/catalog?time=1730916295&order=newest_first&catalog[]=12&brand_ids[]=19055&page=1
;Temps des cerises;F;Clothing;Tops & Tshirts;;;Temps des cerises-F-Tops & Tshirts;TRUE;FALSE;ðŸ”—;https://www.vinted.fr/catalog?time=1730911596&order=newest_first&catalog[]=12&brand_ids[]=46&brand_ids[]=7797&page=1
;Toy G;F;Clothing;Tops & Tshirts;;;Toy G-F-Tops & Tshirts;TRUE;FALSE;ðŸ”—;https://www.vinted.fr/catalog?time=1730914465&order=newest_first&catalog[]=12&brand_ids[]=37701&page=1
;Viktor&Rolf;F;;Tops & Tshirts;;;Viktor&Rolf-F-Tops & Tshirts;TRUE;FALSE;ðŸ”—;https://www.vinted.fr/catalog?time=1730976362&catalog[]=12&brand_ids[]=256972&brand_ids[]=22063&page=1
;Yes Miss;F;Clothing;Tops & Tshirts;;;Yes Miss-F-Tops & Tshirts;TRUE;FALSE;ðŸ”—;https://www.vinted.fr/catalog?time=1730912319&order=newest_first&catalog[]=12&brand_ids[]=111732&page=1
;;F;;Tops & Tshirts;;;-F-Tops & Tshirts;FALSE;FALSE;;
Jumpers & Sweaters;;;;;;;;;;;
;Adolfo Dominguez;F;;Jumpers & Sweaters;;;Adolfo Dominguez-F-Jumpers & Sweaters;TRUE;FALSE;ðŸ”—;https://www.vinted.fr/catalog?time=1730919501&catalog[]=13&brand_ids[]=3261&page=1
;Agnes B.;F;Clothing;Jumpers & Sweaters;;;Agnes B.-F-Jumpers & Sweaters;TRUE;TRUE;ðŸ”—;https://www.vinted.fr/catalog?time=1730650559&brand_ids%5B%5D=677&catalog%5B%5D=13&page=1
;Annarita N;F;;Jumpers & Sweaters;;;Annarita N-F-Jumpers & Sweaters;TRUE;FALSE;ðŸ”—;https://www.vinted.fr/catalog?time=1730919794&catalog[]=13&brand_ids[]=326790&page=1
;Bernhard Willhelm;F;;Jumpers & Sweaters;;;Bernhard Willhelm-F-Jumpers & Sweaters;TRUE;FALSE;ðŸ”—;https://www.vinted.fr/catalog?time=1730920165&catalog[]=13&brand_ids[]=450886&page=1
;Byblos;F;Clothing;Jumpers & Sweaters;;;Byblos-F-Jumpers & Sweaters;TRUE;FALSE;ðŸ”—;https://www.vinted.fr/catalog?time=1730911203&order=newest_first&catalog[]=13&brand_ids[]=150898&page=1
;Celyn B;F;Clothing;Jumpers & Sweaters;;;Celyn B-F-Jumpers & Sweaters;TRUE;FALSE;ðŸ”—;https://www.vinted.fr/catalog?time=1730844974&catalog[]=13&brand_ids[]=171284&page=1
;Compagnia Italiana;F;Clothing;Jumpers & Sweaters;;;Compagnia Italiana-F-Jumpers & Sweaters;TRUE;FALSE;ðŸ”—;https://www.vinted.fr/catalog?time=1730844144&catalog[]=13&brand_ids[]=209548&page=1
;Costume national;F;Clothing;Jumpers & Sweaters;;;Costume national-F-Jumpers & Sweaters;TRUE;TRUE;ðŸ”—;https://www.vinted.fr/catalog?time=1730651657&order=price_low_to_high&currency=EUR&brand_ids%5B%5D=14101&brand_ids%5B%5D=10249&catalog%5B%5D=13&page=1
;Daniele alessandrini;F;Clothing;Jumpers & Sweaters;;;Daniele alessandrini-F-Jumpers & Sweaters;TRUE;FALSE;ðŸ”—;https://www.vinted.fr/catalog?time=1730916085&order=newest_first&catalog[]=13&brand_ids[]=331540&page=1
;Dirk Bikkembergs;F;;Jumpers & Sweaters;;;Dirk Bikkembergs-F-Jumpers & Sweaters;TRUE;FALSE;ðŸ”—;https://www.vinted.fr/catalog?time=1730920664&brand_ids[]=20929&catalog[]=13&page=1
;Double One;F;Clothing;Jumpers & Sweaters;;;Double One-F-Jumpers & Sweaters;TRUE;FALSE;ðŸ”—;https://www.vinted.fr/catalog?time=1730844614&catalog[]=13&brand_ids[]=17575&page=1
;Gaetano Navarra;F;;Jumpers & Sweaters;;;Gaetano Navarra-F-Jumpers & Sweaters;TRUE;FALSE;ðŸ”—;https://www.vinted.fr/catalog?time=1730920985&brand_ids[]=224156&catalog[]=13&page=1
;Gsus;F;Clothing;Jumpers & Sweaters;;;Gsus-F-Jumpers & Sweaters;TRUE;FALSE;ðŸ”—;https://www.vinted.fr/catalog?time=1730846803&brand_ids[]=12041&catalog[]=13&page=1
;Karen Millen;F;Clothing;Jumpers & Sweaters;;;Karen Millen-F-Jumpers & Sweaters;TRUE;FALSE;ðŸ”—;https://www.vinted.fr/catalog?time=1730914562&order=newest_first&catalog[]=13&brand_ids[]=4271&page=1
;Katharine Hamnett;F;;Jumpers & Sweaters;;;Katharine Hamnett-F-Jumpers & Sweaters;TRUE;FALSE;ðŸ”—;https://www.vinted.fr/catalog?time=1730975751&brand_ids[]=439553&brand_ids[]=1177699&catalog[]=13&page=1
;Killah;F;Clothing;Jumpers & Sweaters;;;Killah-F-Jumpers & Sweaters;TRUE;FALSE;ðŸ”—;https://www.vinted.fr/catalog?time=1730845277&catalog[]=13&brand_ids[]=2291&page=1
;Kosmika;F;Clothing;Jumpers & Sweaters;;;Kosmika-F-Jumpers & Sweaters;TRUE;FALSE;ðŸ”—;https://www.vinted.fr/catalog?time=1730843617&catalog[]=13&brand_ids[]=2097&page=1
;Le Full;F;Clothing;Jumpers & Sweaters;;;Le Full-F-Jumpers & Sweaters;TRUE;FALSE;ðŸ”—;https://www.vinted.fr/catalog?time=1730916668&catalog[]=13&brand_ids[]=410185&page=1
;Manila Grace;F;Clothing;Jumpers & Sweaters;;;Manila Grace-F-Jumpers & Sweaters;TRUE;FALSE;ðŸ”—;https://www.vinted.fr/catalog?time=1730915420&order=newest_first&catalog[]=13&brand_ids[]=73058&page=1
;Mariagrazia Panizzi;F;Clothing;Jumpers & Sweaters;;;Mariagrazia Panizzi-F-Jumpers & Sweaters;TRUE;FALSE;ðŸ”—;https://www.vinted.fr/catalog?time=1730846117&catalog[]=13&brand_ids[]=6984922&page=1
;MarithÃ© + FranÃ§ois Girbaud;F;Clothing;Jumpers & Sweaters;;;MarithÃ© + FranÃ§ois Girbaud-F-Jumpers & Sweaters;TRUE;TRUE;ðŸ”—;https://www.vinted.fr/catalog?time=1730644282&order=newest_first&catalog%5B%5D=13&brand_ids%5B%5D=11521&brand_ids%5B%5D=2635&page=1
;Nolita;F;Clothing;Jumpers & Sweaters;;;Nolita-F-Jumpers & Sweaters;TRUE;TRUE;ðŸ”—;https://www.vinted.fr/catalog?time=1730643150&order=newest_first&brand_ids%5B%5D=6893&catalog%5B%5D=13&page=1
;Oakley;F;Clothing;Jumpers & Sweaters;;;Oakley-F-Jumpers & Sweaters;TRUE;TRUE;ðŸ”—;https://www.vinted.fr/catalog?time=1730646828&order=newest_first&catalog%5B%5D=13&brand_ids%5B%5D=13197&brand_ids%5B%5D=5569523&brand_ids%5B%5D=6414907&currency=EUR&page=1
;Paola Frani;F;Clothing;Jumpers & Sweaters;;;Paola Frani-F-Jumpers & Sweaters;TRUE;FALSE;ðŸ”—;https://www.vinted.fr/catalog?time=1730915759&order=newest_first&catalog[]=13&brand_ids[]=223212&page=1
;Patrizia Pepe;F;Clothing;Jumpers & Sweaters;;;Patrizia Pepe-F-Jumpers & Sweaters;TRUE;TRUE;ðŸ”—;https://www.vinted.fr/catalog?time=1730645441&order=newest_first&catalog%5B%5D=13&brand_ids%5B%5D=7125&page=1
;Philosophy Di Alberta Ferretti;F;;Jumpers & Sweaters;;;Philosophy Di Alberta Ferretti-F-Jumpers & Sweaters;TRUE;FALSE;ðŸ”—;https://www.vinted.fr/catalog?time=1730976111&catalog[]=13&brand_ids[]=477646&page=1
;PianuraStudio;F;Clothing;Jumpers & Sweaters;;;PianuraStudio-F-Jumpers & Sweaters;TRUE;FALSE;ðŸ”—;https://www.vinted.fr/catalog?time=1730915516&order=newest_first&catalog[]=13&brand_ids[]=32979&page=1
;Plein Sud;F;;Jumpers & Sweaters;;;Plein Sud-F-Jumpers & Sweaters;TRUE;FALSE;ðŸ”—;https://www.vinted.fr/catalog?time=1730976124&catalog[]=13&brand_ids[]=51525&page=1
;Sarah Pacini;F;Clothing;Jumpers & Sweaters;;;Sarah Pacini-F-Jumpers & Sweaters;TRUE;TRUE;ðŸ”—;https://www.vinted.fr/catalog?time=1730650881&order=price_low_to_high&currency=EUR&catalog%5B%5D=13&brand_ids%5B%5D=20445&page=1
;Scervino street;F;Clothing;Jumpers & Sweaters;;;Scervino street-F-Jumpers & Sweaters;TRUE;FALSE;ðŸ”—;https://www.vinted.fr/catalog?time=1730916837&catalog[]=13&brand_ids[]=158414&page=1
;Scrupoli;F;Clothing;Jumpers & Sweaters;;;Scrupoli-F-Jumpers & Sweaters;TRUE;TRUE;ðŸ”—;https://www.vinted.fr/catalog?time=1730652046&order=price_low_to_high&currency=EUR&catalog%5B%5D=13&brand_ids%5B%5D=524484&page=1
;Specchio;F;Clothing;Jumpers & Sweaters;;;Specchio-F-Jumpers & Sweaters;TRUE;FALSE;ðŸ”—;https://www.vinted.fr/catalog?time=1730847306&brand_ids[]=104986&catalog[]=13&page=1
;Stefanel;F;Clothing;Jumpers & Sweaters;;;Stefanel-F-Jumpers & Sweaters;TRUE;FALSE;ðŸ”—;https://www.vinted.fr/catalog?time=1730916254&order=newest_first&catalog[]=13&brand_ids[]=19055&page=1
;Temps des cerises;F;Clothing;Jumpers & Sweaters;;;Temps des cerises-F-Jumpers & Sweaters;TRUE;FALSE;ðŸ”—;https://www.vinted.fr/catalog?time=1730911542&order=newest_first&catalog[]=13&brand_ids[]=46&brand_ids[]=7797&page=1
;Toy G;F;Clothing;Jumpers & Sweaters;;;Toy G-F-Jumpers & Sweaters;TRUE;FALSE;ðŸ”—;https://www.vinted.fr/catalog?time=1730914402&order=newest_first&catalog[]=13&brand_ids[]=37701&page=1
;Yes Miss;F;Clothing;Jumpers & Sweaters;;;Yes Miss-F-Jumpers & Sweaters;TRUE;FALSE;ðŸ”—;https://www.vinted.fr/catalog?time=1730912262&order=newest_first&catalog[]=13&brand_ids[]=111732&page=1
;Antonio Marras;F;;Jumpers & Sweaters;;;Antonio Marras-F-Jumpers & Sweaters;TRUE;FALSE;ðŸ”—;https://www.vinted.fr/catalog?time=1730920080&catalog[]=13&brand_ids[]=360052&page=1
;Mandarina Duck;F;;Jumpers & Sweaters;;;Mandarina Duck-F-Jumpers & Sweaters;TRUE;FALSE;ðŸ”—;https://www.vinted.fr/catalog?time=1730975769&brand_ids[]=24637&catalog[]=13&page=1
;Marni;F;;Jumpers & Sweaters;;;Marni-F-Jumpers & Sweaters;TRUE;FALSE;ðŸ”—;https://www.vinted.fr/catalog?time=1730975853&brand_ids[]=12251&catalog[]=13&page=1
Outerwear;;;;;;;;;;;
;Adolfo Dominguez;F;;Outerwear;;;Adolfo Dominguez-F-Outerwear;TRUE;FALSE;ðŸ”—;https://www.vinted.fr/catalog?time=1730919511&catalog[]=1037&brand_ids[]=3261&page=1
;Airfield;F;Clothing;Outerwear;;;Airfield-F-Outerwear;TRUE;FALSE;ðŸ”—;https://www.vinted.fr/catalog?time=1730845621&brand_ids[]=33931&catalog[]=1037&page=1
;Alberta Ferretti;F;;Outerwear;;;Alberta Ferretti-F-Outerwear;TRUE;FALSE;ðŸ”—;https://www.vinted.fr/catalog?time=1730919524&catalog[]=1037&brand_ids[]=40245&page=1
;Dirk Bikkembergs;F;;Outerwear;;;Dirk Bikkembergs-F-Outerwear;TRUE;FALSE;ðŸ”—;https://www.vinted.fr/catalog?time=1730920683&brand_ids[]=20929&catalog[]=1037&page=1
;Fornarina;F;Outerwear;Outerwear;;;Fornarina-F-Outerwear;TRUE;FALSE;ðŸ”—;https://www.vinted.fr/catalog?time=1730651827&order=price_low_to_high&currency=EUR&brand_ids%5B%5D=4335&catalog%5B%5D=1037&page=1
;Gaetano Navarra;F;;Outerwear;;;Gaetano Navarra-F-Outerwear;TRUE;FALSE;ðŸ”—;https://www.vinted.fr/catalog?time=1730920963&brand_ids[]=224156&catalog[]=1037&page=1
;Gianfranco Ferre;F;;Outerwear;;;Gianfranco Ferre-F-Outerwear;TRUE;FALSE;ðŸ”—;https://www.vinted.fr/catalog?time=1730921030&brand_ids[]=1933&catalog[]=1037&page=1
;Gucci;F;;Outerwear;;;Gucci-F-Outerwear;TRUE;FALSE;ðŸ”—;https://www.vinted.fr/catalog?time=1730975535&catalog[]=1037&brand_ids[]=567&page=1
;John Galliano;F;;Outerwear;;;John Galliano-F-Outerwear;TRUE;FALSE;ðŸ”—;https://www.vinted.fr/catalog?time=1730975683&catalog[]=1037&brand_ids[]=10613&page=1
;Kosmika;F;Clothing;Outerwear;;;Kosmika-F-Outerwear;TRUE;FALSE;ðŸ”—;https://www.vinted.fr/catalog?time=1730843860&catalog[]=1037&brand_ids[]=2097&page=1
;Sarah Pacini;F;Clothing;Outerwear;;;Sarah Pacini-F-Outerwear;TRUE;FALSE;ðŸ”—;https://www.vinted.fr/catalog?time=1730650860&order=price_low_to_high&currency=EUR&catalog%5B%5D=1037&brand_ids%5B%5D=20445&page=1
;Scrupoli;F;Clothing;Outerwear;;;Scrupoli-F-Outerwear;TRUE;FALSE;ðŸ”—;https://www.vinted.fr/catalog?time=1730651999&order=price_low_to_high&currency=EUR&catalog%5B%5D=1037&brand_ids%5B%5D=524484&page=1
;Antonio Marras;F;;Outerwear;;;Antonio Marras-F-Outerwear;TRUE;FALSE;ðŸ”—;https://www.vinted.fr/catalog?time=1730920014&catalog[]=1037&brand_ids[]=360052&page=1
;Mandarina Duck;F;;Outerwear;;;Mandarina Duck-F-Outerwear;TRUE;FALSE;ðŸ”—;https://www.vinted.fr/catalog?time=1730975788&brand_ids[]=24637&catalog[]=1037&page=1
;Diana Orving;F;;Outerwear;;;Diana Orving-F-Outerwear;FALSE;FALSE;;
;Giorgio Brato;F;;Outerwear;;;Giorgio Brato-F-Outerwear;TRUE;FALSE;ðŸ”—;https://www.vinted.fr/catalog?time=1730975515&catalog[]=1037&brand_ids[]=169882&page=1
;Just Cavalli;F;Clothing;Outerwear;;;Just Cavalli-F-Outerwear;TRUE;FALSE;ðŸ”—;https://www.vinted.fr/catalog?time=1730648500&catalog%5B%5D=1037&brand_ids%5B%5D=20117&page=1
;Miu Miu;F;;Outerwear;;;Miu Miu-F-Outerwear;TRUE;FALSE;ðŸ”—;https://www.vinted.fr/catalog?time=1730975944&catalog[]=1037&brand_ids[]=1745&page=1
;Parasuco;F;;Outerwear;;;Parasuco-F-Outerwear;TRUE;FALSE;ðŸ”—;https://www.vinted.fr/catalog?time=1730976059&catalog[]=1037&brand_ids[]=197072&page=1
;Prada;F;;Outerwear;;;Prada-F-Outerwear;TRUE;FALSE;ðŸ”—;https://www.vinted.fr/catalog?time=1730976191&catalog[]=1037&brand_ids[]=3573&page=1
;Roberto Cavalli;F;Clothing;Outerwear;;;Roberto Cavalli-F-Outerwear;TRUE;FALSE;ðŸ”—;https://www.vinted.fr/catalog?time=1730648705&catalog%5B%5D=1037&brand_ids%5B%5D=1965&page=1
;Ungaro;F;;Outerwear;;;Ungaro-F-Outerwear;TRUE;FALSE;ðŸ”—;https://www.vinted.fr/catalog?time=1730976318&catalog[]=1037&brand_ids[]=16469&page=1
;;F;;Outerwear;;;-F-Outerwear;FALSE;FALSE;;
Trousers;;;;;;;;;;;
;Adolfo Dominguez;F;;Trousers;;;Adolfo Dominguez-F-Trousers;TRUE;FALSE;ðŸ”—;https://www.vinted.fr/catalog?time=1730919475&catalog[]=9&brand_ids[]=3261&page=1
;Alberta Ferretti;F;;Trousers;;;Alberta Ferretti-F-Trousers;TRUE;FALSE;ðŸ”—;https://www.vinted.fr/catalog?time=1730919566&catalog[]=9&brand_ids[]=40245&page=1
;Byblos;F;Clothing;Trousers;;;Byblos-F-Trousers;TRUE;FALSE;ðŸ”—;https://www.vinted.fr/catalog?time=1730911336&order=newest_first&catalog[]=9&brand_ids[]=150898&page=1
;Celyn B;F;Clothing;Trousers;;;Celyn B-F-Trousers;TRUE;FALSE;ðŸ”—;https://www.vinted.fr/catalog?time=1730845058&catalog[]=9&brand_ids[]=171284&page=1
;Compagnia Italiana;F;Clothing;Trousers;;;Compagnia Italiana-F-Trousers;TRUE;FALSE;ðŸ”—;https://www.vinted.fr/catalog?time=1730844189&catalog[]=9&brand_ids[]=209548&page=1
;Costume national;F;Clothing;Trousers;;;Costume national-F-Trousers;TRUE;FALSE;ðŸ”—;https://www.vinted.fr/catalog?time=1730651798&order=price_low_to_high&currency=EUR&brand_ids%5B%5D=14101&brand_ids%5B%5D=10249&catalog%5B%5D=9&page=1
;Daniele alessandrini;F;Clothing;Trousers;;;Daniele alessandrini-F-Trousers;TRUE;FALSE;ðŸ”—;https://www.vinted.fr/catalog?time=1730916144&order=newest_first&catalog[]=9&brand_ids[]=331540&page=1
;Dirk Bikkembergs;F;;Trousers;;;Dirk Bikkembergs-F-Trousers;TRUE;FALSE;ðŸ”—;https://www.vinted.fr/catalog?time=1730920654&brand_ids[]=20929&catalog[]=9&page=1
;Double One;F;Clothing;Trousers;;;Double One-F-Trousers;TRUE;FALSE;ðŸ”—;https://www.vinted.fr/catalog?time=1730844770&catalog[]=9&brand_ids[]=17575&page=1
;Gaetano Navarra;F;;Trousers;;;Gaetano Navarra-F-Trousers;TRUE;FALSE;ðŸ”—;https://www.vinted.fr/catalog?time=1730920996&brand_ids[]=224156&catalog[]=9&page=1
;Gianfranco Ferre;F;;Trousers;;;Gianfranco Ferre-F-Trousers;TRUE;FALSE;ðŸ”—;https://www.vinted.fr/catalog?time=1730921012&brand_ids[]=1933&catalog[]=9&page=1
;Gsus;F;Clothing;Trousers;;;Gsus-F-Trousers;TRUE;FALSE;ðŸ”—;https://www.vinted.fr/catalog?time=1730846869&brand_ids[]=12041&catalog[]=9&page=1
;Karen Millen;F;Clothing;Trousers;;;Karen Millen-F-Trousers;TRUE;FALSE;ðŸ”—;https://www.vinted.fr/catalog?time=1730914514&order=newest_first&catalog[]=9&brand_ids[]=4271&page=1
;Killah;F;Clothing;Trousers;;;Killah-F-Trousers;TRUE;FALSE;ðŸ”—;https://www.vinted.fr/catalog?time=1730845324&catalog[]=9&brand_ids[]=2291&page=1
;Kosmika;F;Clothing;Trousers;;;Kosmika-F-Trousers;TRUE;FALSE;ðŸ”—;https://www.vinted.fr/catalog?time=1730843667&catalog[]=9&brand_ids[]=2097&page=1
;Le Full;F;Clothing;Trousers;;;Le Full-F-Trousers;TRUE;FALSE;ðŸ”—;https://www.vinted.fr/catalog?time=1730916725&catalog[]=9&brand_ids[]=410185&page=1
;Manila Grace;F;Clothing;Trousers;;;Manila Grace-F-Trousers;TRUE;FALSE;ðŸ”—;https://www.vinted.fr/catalog?time=1730915382&order=newest_first&catalog[]=9&brand_ids[]=73058&page=1
;Mariagrazia Panizzi;F;Clothing;Trousers;;;Mariagrazia Panizzi-F-Trousers;TRUE;FALSE;ðŸ”—;https://www.vinted.fr/catalog?time=1730846186&catalog[]=9&brand_ids[]=6984922&page=1
;MarithÃ© + FranÃ§ois Girbaud;M;Clothing;Trousers;;50,00Â â‚¬;MarithÃ© + FranÃ§ois Girbaud-M-Trousers;TRUE;FALSE;ðŸ”—;https://www.vinted.fr/catalog?time=1730219999&order=newest_first&brand_ids[]=11521&catalog[]=34&price_to=50&currency=EUR&page=1
;MarithÃ© + FranÃ§ois Girbaud;F;Clothing;Trousers;;;MarithÃ© + FranÃ§ois Girbaud-F-Trousers;TRUE;FALSE;ðŸ”—;https://www.vinted.fr/catalog?time=1730644337&order=newest_first&catalog%5B%5D=9&brand_ids%5B%5D=11521&brand_ids%5B%5D=2635&page=1
;Nolita;F;Clothing;Trousers;;;Nolita-F-Trousers;TRUE;FALSE;ðŸ”—;https://www.vinted.fr/catalog?time=1730641633&order=newest_first&catalog%5B%5D=9&brand_ids%5B%5D=6893&page=1
;Oakley;F;Clothing;Trousers;;;Oakley-F-Trousers;TRUE;FALSE;ðŸ”—;https://www.vinted.fr/catalog?time=1730646751&order=newest_first&catalog%5B%5D=9&brand_ids%5B%5D=13197&brand_ids%5B%5D=5569523&brand_ids%5B%5D=6414907&currency=EUR&page=1
;Paola Frani;F;Clothing;Trousers;;;Paola Frani-F-Trousers;TRUE;FALSE;ðŸ”—;https://www.vinted.fr/catalog?time=1730915819&order=newest_first&catalog[]=9&brand_ids[]=223212&page=1
;Patrizia Pepe;F;Clothing;Trousers;;;Patrizia Pepe-F-Trousers;TRUE;FALSE;ðŸ”—;https://www.vinted.fr/catalog?time=1730645354&order=newest_first&catalog%5B%5D=9&brand_ids%5B%5D=7125&page=1
;PianuraStudio;F;Clothing;Trousers;;;PianuraStudio-F-Trousers;TRUE;FALSE;ðŸ”—;https://www.vinted.fr/catalog?time=1730915553&order=newest_first&catalog[]=9&brand_ids[]=32979&page=1
;Scervino street;F;Clothing;Trousers;;;Scervino street-F-Trousers;TRUE;FALSE;ðŸ”—;https://www.vinted.fr/catalog?time=1730916904&catalog[]=9&brand_ids[]=158414&page=1
;Scrupoli;F;Clothing;Trousers;;;Scrupoli-F-Trousers;TRUE;FALSE;ðŸ”—;https://www.vinted.fr/catalog?time=1730651985&order=price_low_to_high&currency=EUR&catalog%5B%5D=9&brand_ids%5B%5D=524484&page=1
;Specchio;F;Clothing;Trousers;;;Specchio-F-Trousers;TRUE;FALSE;ðŸ”—;https://www.vinted.fr/catalog?time=1730847384&brand_ids[]=104986&catalog[]=9&page=1
;Stefanel;F;Clothing;Trousers;;;Stefanel-F-Trousers;TRUE;FALSE;ðŸ”—;https://www.vinted.fr/catalog?time=1730916309&order=newest_first&catalog[]=9&brand_ids[]=19055&page=1
;Temps des cerises;F;Clothing;Trousers;;;Temps des cerises-F-Trousers;TRUE;FALSE;ðŸ”—;https://www.vinted.fr/catalog?time=1730911611&order=newest_first&catalog[]=9&brand_ids[]=46&brand_ids[]=7797&page=1
;Toy G;F;Clothing;Trousers;;;Toy G-F-Trousers;TRUE;FALSE;ðŸ”—;https://www.vinted.fr/catalog?time=1730914494&order=newest_first&catalog[]=9&brand_ids[]=37701&page=1
;Yes Miss;F;Clothing;Trousers;;;Yes Miss-F-Trousers;TRUE;FALSE;ðŸ”—;https://www.vinted.fr/catalog?time=1730912347&order=newest_first&catalog[]=9&brand_ids[]=111732&page=1
;Antonio Marras;F;;Trousers;;;Antonio Marras-F-Trousers;TRUE;FALSE;ðŸ”—;https://www.vinted.fr/catalog?time=1730920092&catalog[]=9&brand_ids[]=360052&page=1
;Parasuco;F;;Trousers;;;Parasuco-F-Trousers;TRUE;FALSE;ðŸ”—;https://www.vinted.fr/catalog?time=1730976051&catalog[]=9&brand_ids[]=197072&page=1
;Prada;F;;Trousers;;;Prada-F-Trousers;TRUE;FALSE;ðŸ”—;https://www.vinted.fr/catalog?time=1730976212&catalog[]=9&brand_ids[]=3573&page=1
;ChloÃ©;F;Clothing;Trousers;;150,00Â â‚¬;ChloÃ©-F-Trousers;TRUE;FALSE;ðŸ”—;https://www.vinted.fr/catalog?time=1730639644&order=newest_first&catalog%5B%5D=9&price_to=150&currency=EUR&brand_ids%5B%5D=2113&page=1
;FCUK;F;Clothing;Trousers;;;FCUK-F-Trousers;TRUE;FALSE;ðŸ”—;https://www.vinted.fr/catalog?time=1730640122&order=newest_first&brand_ids%5B%5D=15441453&brand_ids%5B%5D=779&catalog%5B%5D=9&page=1
Dresses;;;;;;;;;;;
;Alberta Ferretti;F;;Dresses;;;Alberta Ferretti-F-Dresses;TRUE;FALSE;ðŸ”—;https://www.vinted.fr/catalog?time=1730919540&catalog[]=10&brand_ids[]=40245&page=1
;Alexander McQueen;F;;Dresses;;;Alexander McQueen-F-Dresses;TRUE;FALSE;ðŸ”—;https://www.vinted.fr/catalog?time=1730919664&catalog[]=10&brand_ids[]=52193&page=1
;Annarita N;F;;Dresses;;;Annarita N-F-Dresses;TRUE;FALSE;ðŸ”—;https://www.vinted.fr/catalog?time=1730919817&catalog[]=10&brand_ids[]=326790&page=1
;Byblos;F;Clothing;Dresses;;;Byblos-F-Dresses;TRUE;FALSE;ðŸ”—;https://www.vinted.fr/catalog?time=1730911255&order=newest_first&catalog[]=10&brand_ids[]=150898&page=1
;Celyn B;F;Clothing;Dresses;;;Celyn B-F-Dresses;TRUE;FALSE;ðŸ”—;https://www.vinted.fr/catalog?time=1730845007&catalog[]=10&brand_ids[]=171284&page=1
;Christian Lacroix;F;;Dresses;;;Christian Lacroix-F-Dresses;TRUE;FALSE;ðŸ”—;https://www.vinted.fr/catalog?time=1730920285&catalog[]=10&brand_ids[]=2963&page=1
;Compagnia Italiana;F;Clothing;Dresses;;;Compagnia Italiana-F-Dresses;TRUE;FALSE;ðŸ”—;https://www.vinted.fr/catalog?time=1730844176&catalog[]=10&brand_ids[]=209548&page=1
;Costume national;F;Clothing;Dresses;;;Costume national-F-Dresses;TRUE;FALSE;ðŸ”—;https://www.vinted.fr/catalog?time=1730651631&order=price_low_to_high&currency=EUR&brand_ids%5B%5D=14101&brand_ids%5B%5D=10249&catalog%5B%5D=10&page=1
;Daniele alessandrini;F;Clothing;Dresses;;;Daniele alessandrini-F-Dresses;TRUE;FALSE;ðŸ”—;https://www.vinted.fr/catalog?time=1730916108&order=newest_first&catalog[]=10&brand_ids[]=331540&page=1
;Double One;F;Clothing;Dresses;;;Double One-F-Dresses;TRUE;FALSE;ðŸ”—;https://www.vinted.fr/catalog?time=1730844645&catalog[]=10&brand_ids[]=17575&page=1
;FUZZI;F;;Dresses;;;FUZZI-F-Dresses;TRUE;FALSE;ðŸ”—;https://www.vinted.fr/catalog?time=1730920936&brand_ids[]=227826&catalog[]=10&page=1
;Gaetano Navarra;F;;Dresses;;;Gaetano Navarra-F-Dresses;TRUE;FALSE;ðŸ”—;https://www.vinted.fr/catalog?time=1730920948&brand_ids[]=224156&catalog[]=10&page=1
;Gsus;F;Clothing;Dresses;;;Gsus-F-Dresses;TRUE;FALSE;ðŸ”—;https://www.vinted.fr/catalog?time=1730846852&brand_ids[]=12041&catalog[]=10&page=1
;John Galliano;F;;Dresses;;;John Galliano-F-Dresses;TRUE;FALSE;ðŸ”—;https://www.vinted.fr/catalog?time=1730975655&catalog[]=10&brand_ids[]=10613&page=1
;Karen Millen;F;Clothing;Dresses;;;Karen Millen-F-Dresses;TRUE;FALSE;ðŸ”—;https://www.vinted.fr/catalog?time=1730914587&order=newest_first&catalog[]=10&brand_ids[]=4271&page=1
;Killah;F;Clothing;Dresses;;;Killah-F-Dresses;TRUE;FALSE;ðŸ”—;https://www.vinted.fr/catalog?time=1730845310&catalog[]=10&brand_ids[]=2291&page=1
;Kosmika;F;Clothing;Dresses;;;Kosmika-F-Dresses;TRUE;FALSE;ðŸ”—;https://www.vinted.fr/catalog?time=1730843650&catalog[]=10&brand_ids[]=2097&page=1
;Le Full;F;Clothing;Dresses;;;Le Full-F-Dresses;TRUE;FALSE;ðŸ”—;https://www.vinted.fr/catalog?time=1730916614&catalog[]=10&brand_ids[]=410185&page=1
;Manila Grace;F;Clothing;Dresses;;;Manila Grace-F-Dresses;TRUE;FALSE;ðŸ”—;https://www.vinted.fr/catalog?time=1730915398&order=newest_first&catalog[]=10&brand_ids[]=73058&page=1
;Mariagrazia Panizzi;F;Clothing;Dresses;;;Mariagrazia Panizzi-F-Dresses;TRUE;FALSE;ðŸ”—;https://www.vinted.fr/catalog?time=1730846152&catalog[]=10&brand_ids[]=6984922&page=1
;MarithÃ© + FranÃ§ois Girbaud;F;Clothing;Dresses;;;MarithÃ© + FranÃ§ois Girbaud-F-Dresses;TRUE;FALSE;ðŸ”—;https://www.vinted.fr/catalog?time=1730644255&order=newest_first&catalog%5B%5D=10&brand_ids%5B%5D=11521&brand_ids%5B%5D=2635&page=1
;Nina Ricci;F;;Dresses;;;Nina Ricci-F-Dresses;TRUE;FALSE;ðŸ”—;https://www.vinted.fr/catalog?time=1730976000&catalog[]=10&brand_ids[]=717&page=1
;Nolita;F;Clothing;Dresses;;;Nolita-F-Dresses;TRUE;FALSE;ðŸ”—;https://www.vinted.fr/catalog?time=1730643233&order=newest_first&brand_ids%5B%5D=6893&catalog%5B%5D=10&page=1
;Oakley;F;Clothing;Dresses;;;Oakley-F-Dresses;TRUE;FALSE;ðŸ”—;https://www.vinted.fr/catalog?time=1730646884&order=newest_first&catalog%5B%5D=10&brand_ids%5B%5D=13197&brand_ids%5B%5D=5569523&brand_ids%5B%5D=6414907&currency=EUR&page=1
;Paola Frani;F;Clothing;Dresses;;;Paola Frani-F-Dresses;TRUE;FALSE;ðŸ”—;https://www.vinted.fr/catalog?time=1730915785&order=newest_first&catalog[]=10&brand_ids[]=223212&page=1
;Patrizia Pepe;F;Clothing;Dresses;;;Patrizia Pepe-F-Dresses;TRUE;FALSE;ðŸ”—;https://www.vinted.fr/catalog?time=1730645493&order=newest_first&brand_ids%5B%5D=7125&catalog%5B%5D=10&page=1
;Philosophy Di Alberta Ferretti;F;;Dresses;;;Philosophy Di Alberta Ferretti-F-Dresses;TRUE;FALSE;ðŸ”—;https://www.vinted.fr/catalog?time=1730976084&catalog[]=10&brand_ids[]=477646&page=1
;PianuraStudio;F;Clothing;Dresses;;;PianuraStudio-F-Dresses;TRUE;FALSE;ðŸ”—;https://www.vinted.fr/catalog?time=1730915542&order=newest_first&catalog[]=10&brand_ids[]=32979&page=1
;Plein Sud;F;;Dresses;;;Plein Sud-F-Dresses;TRUE;FALSE;ðŸ”—;https://www.vinted.fr/catalog?time=1730976153&catalog[]=10&brand_ids[]=51525&page=1
;Rick Owens;F;;Dresses;;;Rick Owens-F-Dresses;TRUE;FALSE;ðŸ”—;https://www.vinted.fr/catalog?time=1730976279&catalog[]=10&brand_ids[]=145654&page=1
;Scervino street;F;Clothing;Dresses;;;Scervino street-F-Dresses;TRUE;FALSE;ðŸ”—;https://www.vinted.fr/catalog?time=1730916858&catalog[]=10&brand_ids[]=158414&page=1
;Scrupoli;F;Clothing;Dresses;;;Scrupoli-F-Dresses;TRUE;FALSE;ðŸ”—;https://www.vinted.fr/catalog?time=1730652072&order=price_low_to_high&currency=EUR&catalog%5B%5D=10&brand_ids%5B%5D=524484&page=1
;Specchio;F;Clothing;Dresses;;;Specchio-F-Dresses;TRUE;FALSE;ðŸ”—;https://www.vinted.fr/catalog?time=1730847333&brand_ids[]=104986&catalog[]=10&page=1
;Stefanel;F;Clothing;Dresses;;;Stefanel-F-Dresses;TRUE;FALSE;ðŸ”—;https://www.vinted.fr/catalog?time=1730916273&order=newest_first&catalog[]=10&brand_ids[]=19055&page=1
;Temps des cerises;F;Clothing;Dresses;;;Temps des cerises-F-Dresses;TRUE;FALSE;ðŸ”—;https://www.vinted.fr/catalog?time=1730911574&order=newest_first&catalog[]=10&brand_ids[]=46&brand_ids[]=7797&page=1
;Toy G;F;Clothing;Dresses;;;Toy G-F-Dresses;TRUE;FALSE;ðŸ”—;https://www.vinted.fr/catalog?time=1730914433&order=newest_first&catalog[]=10&brand_ids[]=37701&page=1
;Viktor&Rolf;F;;Dresses;;;Viktor&Rolf-F-Dresses;TRUE;FALSE;ðŸ”—;https://www.vinted.fr/catalog?time=1730976372&catalog[]=10&brand_ids[]=256972&brand_ids[]=22063&page=1
;Yes Miss;F;Clothing;Dresses;;;Yes Miss-F-Dresses;TRUE;FALSE;ðŸ”—;https://www.vinted.fr/catalog?time=1730912294&order=newest_first&catalog[]=10&brand_ids[]=111732&page=1
;Antonio Marras;F;;Dresses;;;Antonio Marras-F-Dresses;TRUE;FALSE;ðŸ”—;https://www.vinted.fr/catalog?time=1730920066&catalog[]=10&brand_ids[]=360052&page=1
;Just Cavalli;F;Clothing;Dresses;;;Just Cavalli-F-Dresses;TRUE;FALSE;ðŸ”—;https://www.vinted.fr/catalog?time=1730648536&catalog%5B%5D=10&brand_ids%5B%5D=20117&page=1
;Roberto Cavalli;F;Clothing;Dresses;;;Roberto Cavalli-F-Dresses;TRUE;FALSE;ðŸ”—;https://www.vinted.fr/catalog?time=1730648686&catalog%5B%5D=10&brand_ids%5B%5D=1965&page=1
;Anne Valerie Hash;F;Clothing;Dresses;;;Anne Valerie Hash-F-Dresses;TRUE;FALSE;ðŸ”—;https://www.vinted.fr/catalog?time=1730221130&order=price_low_to_high&currency=EUR&brand_ids[]=73552&catalog[]=1037&page=1
;Vivienne Westwood;F;;Dresses;;;Vivienne Westwood-F-Dresses;TRUE;FALSE;ðŸ”—;https://www.vinted.fr/catalog?time=1730976424&brand_ids[]=14217&brand_ids[]=3884609&catalog[]=10&page=1
Skirts;;;;;;;;;;;
;Alberta Ferretti;F;;Skirts;;;Alberta Ferretti-F-Skirts;TRUE;FALSE;ðŸ”—;https://www.vinted.fr/catalog?time=1730919586&catalog[]=11&brand_ids[]=40245&page=1
;Annarita N;F;;Skirts;;;Annarita N-F-Skirts;TRUE;FALSE;ðŸ”—;https://www.vinted.fr/catalog?time=1730919803&catalog[]=11&brand_ids[]=326790&page=1
;Byblos;F;Clothing;Skirts;;;Byblos-F-Skirts;TRUE;FALSE;ðŸ”—;https://www.vinted.fr/catalog?time=1730911270&order=newest_first&catalog[]=11&brand_ids[]=150898&page=1
;Celyn B;F;Clothing;Skirts;;;Celyn B-F-Skirts;TRUE;FALSE;ðŸ”—;https://www.vinted.fr/catalog?time=1730845026&catalog[]=11&brand_ids[]=171284&page=1
;Compagnia Italiana;F;Clothing;Skirts;;;Compagnia Italiana-F-Skirts;TRUE;FALSE;ðŸ”—;https://www.vinted.fr/catalog?time=1730844164&catalog[]=11&brand_ids[]=209548&page=1
;Costume national;F;Clothing;Skirts;;;Costume national-F-Skirts;TRUE;TRUE;ðŸ”—;https://www.vinted.fr/catalog?time=1730651616&order=price_low_to_high&currency=EUR&brand_ids%5B%5D=14101&brand_ids%5B%5D=10249&catalog%5B%5D=11&page=1
;Daniele alessandrini;F;Clothing;Skirts;;;Daniele alessandrini-F-Skirts;TRUE;FALSE;ðŸ”—;https://www.vinted.fr/catalog?time=1730916120&order=newest_first&catalog[]=11&brand_ids[]=331540&page=1
;Double One;F;Clothing;Skirts;;;Double One-F-Skirts;TRUE;FALSE;ðŸ”—;https://www.vinted.fr/catalog?time=1730844664&catalog[]=11&brand_ids[]=17575&page=1
;Dries Van Noten;F;;Skirts;;;Dries Van Noten-F-Skirts;TRUE;FALSE;ðŸ”—;https://www.vinted.fr/catalog?time=1730920768&brand_ids[]=72138&catalog[]=11&page=1
;Gsus;F;Clothing;Skirts;;;Gsus-F-Skirts;TRUE;FALSE;ðŸ”—;https://www.vinted.fr/catalog?time=1730846838&brand_ids[]=12041&catalog[]=11&page=1
;Gucci;F;;Skirts;;;Gucci-F-Skirts;TRUE;FALSE;ðŸ”—;https://www.vinted.fr/catalog?time=1730975547&catalog[]=11&brand_ids[]=567&page=1
;Karen Millen;F;Clothing;Skirts;;;Karen Millen-F-Skirts;TRUE;FALSE;ðŸ”—;https://www.vinted.fr/catalog?time=1730914603&order=newest_first&catalog[]=11&brand_ids[]=4271&page=1
;Killah;F;Clothing;Skirts;;;Killah-F-Skirts;TRUE;FALSE;ðŸ”—;https://www.vinted.fr/catalog?time=1730845344&catalog[]=11&brand_ids[]=2291&page=1
;Kosmika;F;Clothing;Skirts;;;Kosmika-F-Skirts;TRUE;FALSE;ðŸ”—;https://www.vinted.fr/catalog?time=1730843633&catalog[]=11&brand_ids[]=2097&page=1
;Le Full;F;Clothing;Skirts;;;Le Full-F-Skirts;TRUE;FALSE;ðŸ”—;https://www.vinted.fr/catalog?time=1730916695&catalog[]=11&brand_ids[]=410185&page=1
;Manila Grace;F;Clothing;Skirts;;;Manila Grace-F-Skirts;TRUE;FALSE;ðŸ”—;https://www.vinted.fr/catalog?time=1730915409&order=newest_first&catalog[]=11&brand_ids[]=73058&page=1
;Mariagrazia Panizzi;F;Clothing;Skirts;;;Mariagrazia Panizzi-F-Skirts;TRUE;FALSE;ðŸ”—;https://www.vinted.fr/catalog?time=1730846164&catalog[]=11&brand_ids[]=6984922&page=1
;MarithÃ© + FranÃ§ois Girbaud;F;Clothing;Skirts;;;MarithÃ© + FranÃ§ois Girbaud-F-Skirts;TRUE;TRUE;ðŸ”—;https://www.vinted.fr/catalog?time=1730644238&order=newest_first&catalog%5B%5D=11&brand_ids%5B%5D=11521&brand_ids%5B%5D=2635&page=1
;Nolita;F;Clothing;Skirts;;;Nolita-F-Skirts;TRUE;TRUE;ðŸ”—;https://www.vinted.fr/catalog?time=1730643259&order=newest_first&brand_ids%5B%5D=6893&catalog%5B%5D=11&page=1
;Oakley;F;Clothing;Skirts;;;Oakley-F-Skirts;TRUE;TRUE;ðŸ”—;https://www.vinted.fr/catalog?time=1730646901&order=newest_first&catalog%5B%5D=11&brand_ids%5B%5D=13197&brand_ids%5B%5D=5569523&brand_ids%5B%5D=6414907&currency=EUR&page=1
;Paola Frani;F;Clothing;Skirts;;;Paola Frani-F-Skirts;TRUE;FALSE;ðŸ”—;https://www.vinted.fr/catalog?time=1730915795&order=newest_first&catalog[]=11&brand_ids[]=223212&page=1
;Patrizia Pepe;F;Clothing;Skirts;;;Patrizia Pepe-F-Skirts;TRUE;TRUE;ðŸ”—;https://www.vinted.fr/catalog?time=1730645504&order=newest_first&brand_ids%5B%5D=7125&catalog%5B%5D=11&page=1
;Philosophy Di Alberta Ferretti;F;;Skirts;;;Philosophy Di Alberta Ferretti-F-Skirts;TRUE;FALSE;ðŸ”—;https://www.vinted.fr/catalog?time=1730976102&catalog[]=11&brand_ids[]=477646&page=1
;PianuraStudio;F;Clothing;Skirts;;;PianuraStudio-F-Skirts;TRUE;FALSE;ðŸ”—;https://www.vinted.fr/catalog?time=1730915529&order=newest_first&catalog[]=11&brand_ids[]=32979&page=1
;Scervino street;F;Clothing;Skirts;;;Scervino street-F-Skirts;TRUE;FALSE;ðŸ”—;https://www.vinted.fr/catalog?time=1730916869&catalog[]=11&brand_ids[]=158414&page=1
;Scrupoli;F;Clothing;Skirts;;;Scrupoli-F-Skirts;TRUE;TRUE;ðŸ”—;https://www.vinted.fr/catalog?time=1730652085&order=price_low_to_high&currency=EUR&catalog%5B%5D=11&brand_ids%5B%5D=524484&page=1
;Specchio;F;Clothing;Skirts;;;Specchio-F-Skirts;TRUE;FALSE;ðŸ”—;https://www.vinted.fr/catalog?time=1730847347&brand_ids[]=104986&catalog[]=11&page=1
;Stefanel;F;Clothing;Skirts;;;Stefanel-F-Skirts;TRUE;FALSE;ðŸ”—;https://www.vinted.fr/catalog?time=1730916283&order=newest_first&catalog[]=11&brand_ids[]=19055&page=1
;Temps des cerises;F;Clothing;Skirts;;;Temps des cerises-F-Skirts;TRUE;FALSE;ðŸ”—;https://www.vinted.fr/catalog?time=1730911586&order=newest_first&catalog[]=11&brand_ids[]=46&brand_ids[]=7797&page=1
;Toy G;F;Clothing;Skirts;;;Toy G-F-Skirts;TRUE;FALSE;ðŸ”—;https://www.vinted.fr/catalog?time=1730914453&order=newest_first&catalog[]=11&brand_ids[]=37701&page=1
;Yes Miss;F;Clothing;Skirts;;;Yes Miss-F-Skirts;TRUE;FALSE;ðŸ”—;https://www.vinted.fr/catalog?time=1730912305&order=newest_first&catalog[]=11&brand_ids[]=111732&page=1
;Antonio Marras;F;;Skirts;;;Antonio Marras-F-Skirts;TRUE;FALSE;ðŸ”—;https://www.vinted.fr/catalog?time=1730920033&catalog[]=11&brand_ids[]=360052&page=1
;Marni;F;;Skirts;;;Marni-F-Skirts;TRUE;FALSE;ðŸ”—;https://www.vinted.fr/catalog?time=1730975834&brand_ids[]=12251&catalog[]=11&page=1
;Anne Valerie Hash;F;Shoes;Skirts;;;Anne Valerie Hash-F-Skirts;TRUE;TRUE;ðŸ”—;https://www.vinted.fr/catalog?time=1730221019&order=price_low_to_high&currency=EUR&catalog[]=16&brand_ids[]=73552&page=1
Sunglasses;;;;;;;;;;;
;Alessandro Dell'Acqua;F;Accessories;Sunglasses;;;Alessandro Dell'Acqua-F-Sunglasses;TRUE;TRUE;ðŸ”—;https://www.vinted.fr/catalog?time=1730216999&catalog[]=26&brand_ids[]=478543&order=newest_first&page=1
;Bernhard Willhelm;F;;Sunglasses;;;Bernhard Willhelm-F-Sunglasses;TRUE;FALSE;ðŸ”—;https://www.vinted.fr/catalog?time=1730920146&catalog[]=26&brand_ids[]=450886&page=1
;Dirk Bikkembergs;F;;Sunglasses;;;Dirk Bikkembergs-F-Sunglasses;TRUE;FALSE;ðŸ”—;https://www.vinted.fr/catalog?time=1730920606&brand_ids[]=20929&catalog[]=26&page=1
;Gianfranco Ferre;F;;Sunglasses;;;Gianfranco Ferre-F-Sunglasses;TRUE;FALSE;ðŸ”—;https://www.vinted.fr/catalog?time=1730921067&brand_ids[]=1933&catalog[]=26&page=1
;Oakley;F;Accessories;Sunglasses;;50,00Â â‚¬;Oakley-F-Sunglasses;TRUE;TRUE;ðŸ”—;https://www.vinted.fr/catalog?time=1730646650&order=newest_first&catalog%5B%5D=26&brand_ids%5B%5D=13197&brand_ids%5B%5D=5569523&brand_ids%5B%5D=6414907&currency=EUR&price_to=50&page=1
;Viktor&Rolf;F;;Sunglasses;;;Viktor&Rolf-F-Sunglasses;TRUE;FALSE;ðŸ”—;https://www.vinted.fr/catalog?time=1730976389&catalog[]=26&brand_ids[]=256972&brand_ids[]=22063&page=1
Activewear;;;;;;;;;;;
;Alexander McQueen;F;;Activewear;;;Alexander McQueen-F-Activewear;TRUE;FALSE;ðŸ”—;https://www.vinted.fr/catalog?time=1730919730&catalog[]=73&brand_ids[]=52193&page=1
;Dirk Bikkembergs;F;;Activewear;;;Dirk Bikkembergs-F-Activewear;TRUE;FALSE;ðŸ”—;https://www.vinted.fr/catalog?time=1730920556&brand_ids[]=20929&catalog[]=73&page=1
;Mandarina Duck;F;;Activewear;;;Mandarina Duck-F-Activewear;TRUE;FALSE;ðŸ”—;https://www.vinted.fr/catalog?time=1730975800&brand_ids[]=24637&catalog[]=73&page=1
Jackets;;;;;;;;;;;
;Atos lombardini;F;Clothing;Jackets;;;Atos lombardini-F-Jackets;TRUE;FALSE;ðŸ”—;https://www.vinted.fr/catalog?time=1730844400&catalog[]=1037&brand_ids[]=181716&page=1
;Byblos;F;Clothing;Jackets;;;Byblos-F-Jackets;TRUE;FALSE;ðŸ”—;https://www.vinted.fr/catalog?time=1730911137&order=newest_first&catalog%5B%5D=1037&brand_ids%5B%5D=150898&page=1
;Celyn B;F;Clothing;Jackets;;;Celyn B-F-Jackets;TRUE;FALSE;ðŸ”—;https://www.vinted.fr/catalog?time=1730844914&catalog[]=1037&brand_ids[]=171284&page=1
;Compagnia Italiana;F;Clothing;Jackets;;;Compagnia Italiana-F-Jackets;TRUE;FALSE;ðŸ”—;https://www.vinted.fr/catalog?time=1730844232&catalog[]=1908&brand_ids[]=209548&page=1
;Costume national;F;Clothing;Jackets;;;Costume national-F-Jackets;TRUE;FALSE;ðŸ”—;https://www.vinted.fr/catalog?time=1730651746&order=price_low_to_high&currency=EUR&brand_ids%5B%5D=14101&brand_ids%5B%5D=10249&catalog%5B%5D=1908&page=1
;Daniele alessandrini;F;Clothing;Jackets;;;Daniele alessandrini-F-Jackets;TRUE;FALSE;ðŸ”—;https://www.vinted.fr/catalog?time=1730916072&order=newest_first&catalog[]=1037&brand_ids[]=331540&page=1
;Double One;F;Clothing;Jackets;;;Double One-F-Jackets;TRUE;FALSE;ðŸ”—;https://www.vinted.fr/catalog?time=1730844575&catalog[]=1037&brand_ids[]=17575&page=1
;Gsus;F;Clothing;Jackets;;;Gsus-F-Jackets;TRUE;FALSE;ðŸ”—;https://www.vinted.fr/catalog?time=1730846324&brand_ids[]=12041&catalog[]=1037&page=1
;Karen Millen;F;Clothing;Jackets;;;Karen Millen-F-Jackets;TRUE;FALSE;ðŸ”—;https://www.vinted.fr/catalog?time=1730914549&order=newest_first&catalog[]=1037&brand_ids[]=4271&page=1
;Killah;F;Clothing;Jackets;;;Killah-F-Jackets;TRUE;FALSE;ðŸ”—;https://www.vinted.fr/catalog?time=1730845199&catalog[]=1037&brand_ids[]=2291&page=1
;Le Full;F;Clothing;Jackets;;;Le Full-F-Jackets;TRUE;FALSE;ðŸ”—;https://www.vinted.fr/catalog?time=1730916658&catalog[]=1037&brand_ids[]=410185&page=1
;Manila Grace;F;Clothing;Jackets;;;Manila Grace-F-Jackets;TRUE;FALSE;ðŸ”—;https://www.vinted.fr/catalog?time=1730915370&order=newest_first&catalog[]=1037&brand_ids[]=73058&page=1
;Mariagrazia Panizzi;F;Clothing;Jackets;;;Mariagrazia Panizzi-F-Jackets;TRUE;FALSE;ðŸ”—;https://www.vinted.fr/catalog?time=1730846101&catalog[]=1037&brand_ids[]=6984922&page=1
;MarithÃ© + FranÃ§ois Girbaud;F;Clothing;Jackets;;;MarithÃ© + FranÃ§ois Girbaud-F-Jackets;TRUE;FALSE;ðŸ”—;https://www.vinted.fr/catalog?time=1730644295&order=newest_first&catalog%5B%5D=1908&brand_ids%5B%5D=11521&brand_ids%5B%5D=2635&page=1
;Nolita;F;Clothing;Jackets;;;Nolita-F-Jackets;TRUE;FALSE;ðŸ”—;https://www.vinted.fr/catalog?time=1730643093&order=newest_first&catalog%5B%5D=1908&brand_ids%5B%5D=6893&page=1
;Oakley;F;Clothing;Jackets;;;Oakley-F-Jackets;TRUE;FALSE;ðŸ”—;https://www.vinted.fr/catalog?time=1730646803&order=newest_first&catalog%5B%5D=1908&brand_ids%5B%5D=13197&brand_ids%5B%5D=5569523&brand_ids%5B%5D=6414907&currency=EUR&page=1
;Paola Frani;F;Clothing;Jackets;;;Paola Frani-F-Jackets;TRUE;FALSE;ðŸ”—;https://www.vinted.fr/catalog?time=1730915748&order=newest_first&catalog[]=1037&brand_ids[]=223212&page=1
;Patrizia Pepe;F;Clothing;Jackets;;;Patrizia Pepe-F-Jackets;TRUE;FALSE;ðŸ”—;https://www.vinted.fr/catalog?time=1730645419&order=newest_first&catalog%5B%5D=1908&brand_ids%5B%5D=7125&page=1
;PianuraStudio;F;Clothing;Jackets;;;PianuraStudio-F-Jackets;TRUE;FALSE;ðŸ”—;https://www.vinted.fr/catalog?time=1730915570&order=newest_first&catalog[]=1037&brand_ids[]=32979&page=1
;Scervino street;F;Clothing;Jackets;;;Scervino street-F-Jackets;TRUE;FALSE;ðŸ”—;https://www.vinted.fr/catalog?time=1730916828&catalog[]=1037&brand_ids[]=158414&page=1
;Specchio;F;Clothing;Jackets;;;Specchio-F-Jackets;TRUE;FALSE;ðŸ”—;https://www.vinted.fr/catalog?time=1730847244&brand_ids[]=104986&catalog[]=1037&page=1
;Stefanel;F;Clothing;Jackets;;;Stefanel-F-Jackets;TRUE;FALSE;ðŸ”—;https://www.vinted.fr/catalog?time=1730916244&order=newest_first&catalog[]=1037&brand_ids[]=19055&page=1
;Temps des cerises;F;Clothing;Jackets;;;Temps des cerises-F-Jackets;TRUE;FALSE;ðŸ”—;https://www.vinted.fr/catalog?time=1730911518&order=newest_first&catalog[]=1037&brand_ids[]=46&brand_ids[]=7797&page=1
;Toy G;F;Clothing;Jackets;;;Toy G-F-Jackets;TRUE;FALSE;ðŸ”—;https://www.vinted.fr/catalog?time=1730914385&order=newest_first&catalog[]=1037&brand_ids[]=37701&page=1
;Yes Miss;F;Clothing;Jackets;;;Yes Miss-F-Jackets;TRUE;FALSE;ðŸ”—;https://www.vinted.fr/catalog?time=1730912211&order=newest_first&catalog[]=1037&brand_ids[]=111732&page=1
Shoes;;;;;;;;;;;
;Byblos;F;Shoes;Shoes;;;Byblos-F-Shoes;TRUE;FALSE;ðŸ”—;https://www.vinted.fr/catalog?time=1730911381&order=newest_first&catalog[]=16&brand_ids[]=150898&page=1
;Celyn B;F;Shoes;Shoes;;;Celyn B-F-Shoes;TRUE;FALSE;ðŸ”—;https://www.vinted.fr/catalog?time=1730845124&catalog[]=16&brand_ids[]=171284&page=1
;Christian Lacroix;F;;Shoes;;;Christian Lacroix-F-Shoes;TRUE;FALSE;ðŸ”—;https://www.vinted.fr/catalog?time=1730920246&catalog[]=16&brand_ids[]=2963&page=1
;Compagnia Italiana;F;Shoes;Shoes;;;Compagnia Italiana-F-Shoes;TRUE;FALSE;ðŸ”—;https://www.vinted.fr/catalog?time=1730844075&catalog[]=16&brand_ids[]=209548&page=1
;Costume national;F;Shoes;Shoes;;;Costume national-F-Shoes;TRUE;FALSE;ðŸ”—;https://www.vinted.fr/catalog?time=1730651556&order=price_low_to_high&currency=EUR&brand_ids%5B%5D=14101&brand_ids%5B%5D=10249&catalog%5B%5D=16&page=1
;Daniele alessandrini;F;Shoes;Shoes;;;Daniele alessandrini-F-Shoes;TRUE;FALSE;ðŸ”—;https://www.vinted.fr/catalog?time=1730916156&order=newest_first&catalog[]=16&brand_ids[]=331540&page=1
;Fornarina;F;Shoes;Shoes;;;Fornarina-F-Shoes;TRUE;FALSE;ðŸ”—;https://www.vinted.fr/catalog?time=1730651871&order=price_low_to_high&currency=EUR&brand_ids%5B%5D=4335&catalog%5B%5D=16&page=1
;Gsus;F;Shoes;Shoes;;;Gsus-F-Shoes;TRUE;FALSE;ðŸ”—;https://www.vinted.fr/catalog?time=1730846921&brand_ids[]=12041&catalog[]=16&page=1
;Karen Millen;F;Shoes;Shoes;;;Karen Millen-F-Shoes;TRUE;FALSE;ðŸ”—;https://www.vinted.fr/catalog?time=1730914653&order=newest_first&catalog[]=16&brand_ids[]=4271&page=1
;Killah;F;Shoes;Shoes;;;Killah-F-Shoes;TRUE;FALSE;ðŸ”—;https://www.vinted.fr/catalog?time=1730845387&catalog[]=16&brand_ids[]=2291&page=1
;Le Full;F;Shoes;Shoes;;;Le Full-F-Shoes;TRUE;FALSE;ðŸ”—;https://www.vinted.fr/catalog?time=1730916739&catalog[]=16&brand_ids[]=410185&page=1
;Maison Margiela;F;Shoes;Shoes;;;Maison Margiela-F-Shoes;TRUE;FALSE;ðŸ”—;https://www.vinted.fr/catalog?time=1730651436&order=price_low_to_high&currency=EUR&brand_ids%5B%5D=639289&catalog%5B%5D=16&page=1
;Manila Grace;F;Shoes;Shoes;;;Manila Grace-F-Shoes;TRUE;FALSE;ðŸ”—;https://www.vinted.fr/catalog?time=1730915306&order=newest_first&catalog[]=16&brand_ids[]=73058&page=1
;Mariagrazia Panizzi;F;Shoes;Shoes;;;Mariagrazia Panizzi-F-Shoes;TRUE;FALSE;ðŸ”—;https://www.vinted.fr/catalog?time=1730846218&catalog[]=16&brand_ids[]=6984922&page=1
;MarithÃ© + FranÃ§ois Girbaud;F;Shoes;Shoes;;;MarithÃ© + FranÃ§ois Girbaud-F-Shoes;TRUE;FALSE;ðŸ”—;https://www.vinted.fr/catalog?time=1730644164&order=newest_first&catalog%5B%5D=16&brand_ids%5B%5D=11521&brand_ids%5B%5D=2635&page=1
;Nolita;F;Shoes;Shoes;;;Nolita-F-Shoes;TRUE;FALSE;ðŸ”—;https://www.vinted.fr/catalog?time=1730643659&order=newest_first&brand_ids%5B%5D=6893&catalog%5B%5D=16&page=1
;Oakley;F;Shoes;Shoes;;;Oakley-F-Shoes;TRUE;FALSE;ðŸ”—;https://www.vinted.fr/catalog?time=1730646974&order=newest_first&catalog%5B%5D=16&brand_ids%5B%5D=13197&brand_ids%5B%5D=5569523&brand_ids%5B%5D=6414907&currency=EUR&page=1
;Paola Frani;F;Shoes;Shoes;;;Paola Frani-F-Shoes;TRUE;FALSE;ðŸ”—;https://www.vinted.fr/catalog?time=1730915734&order=newest_first&catalog[]=16&brand_ids[]=223212&page=1
;PianuraStudio;F;Shoes;Shoes;;;PianuraStudio-F-Shoes;TRUE;FALSE;ðŸ”—;https://www.vinted.fr/catalog?time=1730915625&order=newest_first&catalog[]=16&brand_ids[]=32979&page=1
;Scervino street;F;Shoes;Shoes;;;Scervino street-F-Shoes;TRUE;FALSE;ðŸ”—;https://www.vinted.fr/catalog?time=1730916818&catalog[]=16&brand_ids[]=158414&page=1
;Scrupoli;F;Shoes;Shoes;;;Scrupoli-F-Shoes;TRUE;FALSE;ðŸ”—;https://www.vinted.fr/catalog?time=1730652161&order=price_low_to_high&currency=EUR&catalog%5B%5D=16&brand_ids%5B%5D=524484&page=1
;Specchio;F;Shoes;Shoes;;;Specchio-F-Shoes;TRUE;FALSE;ðŸ”—;https://www.vinted.fr/catalog?time=1730847396&brand_ids[]=104986&catalog[]=16&page=1
;Stefanel;F;Shoes;Shoes;;;Stefanel-F-Shoes;TRUE;FALSE;ðŸ”—;https://www.vinted.fr/catalog?time=1730916234&order=newest_first&catalog[]=16&brand_ids[]=19055&page=1
;Temps des cerises;F;Shoes;Shoes;;;Temps des cerises-F-Shoes;TRUE;FALSE;ðŸ”—;https://www.vinted.fr/catalog?time=1730911634&order=newest_first&catalog[]=16&brand_ids[]=46&brand_ids[]=7797&page=1
;Toy G;F;Shoes;Shoes;;;Toy G-F-Shoes;TRUE;FALSE;ðŸ”—;https://www.vinted.fr/catalog?time=1730914375&order=newest_first&catalog[]=16&brand_ids[]=37701&page=1
;Yes Miss;F;Shoes;Shoes;;;Yes Miss-F-Shoes;TRUE;FALSE;ðŸ”—;https://www.vinted.fr/catalog?time=1730912365&order=newest_first&catalog[]=16&brand_ids[]=111732&page=1
;Miu Miu;F;;Shoes;;;Miu Miu-F-Shoes;TRUE;FALSE;ðŸ”—;https://www.vinted.fr/catalog?time=1730975959&catalog[]=16&brand_ids[]=1745&page=1
;Prada;F;;Shoes;;;Prada-F-Shoes;TRUE;FALSE;ðŸ”—;https://www.vinted.fr/catalog?time=1730976180&catalog[]=16&brand_ids[]=3573&page=1
;Affaire de style;F;Shoes;Shoes;;;Affaire de style-F-Shoes;TRUE;FALSE;ðŸ”—;https://www.vinted.fr/catalog?time=1730913894&order=newest_first&catalog[]=16&brand_ids[]=2799&page=1
;Affaire de style;F;Shoes;Shoes;;;Affaire de style-F-Shoes;TRUE;FALSE;ðŸ”—;https://www.vinted.fr/catalog?time=1730843905&catalog[]=16&brand_ids[]=2799&page=1
;Bottega Veneta;F;;Shoes;;;Bottega Veneta-F-Shoes;TRUE;FALSE;ðŸ”—;https://www.vinted.fr/catalog?time=1730920185&catalog[]=16&brand_ids[]=86972&page=1
;Catherine malandrino;F;Shoes;Shoes;;;Catherine malandrino-F-Shoes;TRUE;FALSE;ðŸ”—;https://www.vinted.fr/catalog?time=1730911718&order=newest_first&catalog[]=16&brand_ids[]=71384&page=1
;Firetrap;F;Shoes;Shoes;;;Firetrap-F-Shoes;TRUE;FALSE;ðŸ”—;https://www.vinted.fr/catalog?time=1730913978&order=newest_first&catalog[]=16&brand_ids[]=6801&page=1
;Gisel Moire;F;Shoes;Shoes;;;Gisel Moire-F-Shoes;TRUE;FALSE;ðŸ”—;https://www.vinted.fr/catalog?time=1730912002&order=newest_first&catalog[]=16&brand_ids[]=1270245&page=1
;JB Martin;F;Shoes;Shoes;;;JB Martin-F-Shoes;TRUE;FALSE;ðŸ”—;https://www.vinted.fr/catalog?time=1730913820&order=newest_first&catalog[]=16&brand_ids[]=639&page=1
;Karine Arabian;F;Shoes;Shoes;;;Karine Arabian-F-Shoes;TRUE;FALSE;ðŸ”—;https://www.vinted.fr/catalog?time=1730844472&catalog[]=16&brand_ids[]=44301&page=1
;Les Lolitas;F;Shoes;Shoes;;;Les Lolitas-F-Shoes;TRUE;FALSE;ðŸ”—;https://www.vinted.fr/catalog?time=1730914023&order=newest_first&catalog[]=16&brand_ids[]=1511&page=1
;Muxart;F;Shoes;Shoes;;;Muxart-F-Shoes;TRUE;FALSE;ðŸ”—;https://www.vinted.fr/catalog?time=1730913929&order=newest_first&catalog[]=16&brand_ids[]=62738&page=1
;Pedro Garcia;F;Shoes;Shoes;;;Pedro Garcia-F-Shoes;TRUE;FALSE;ðŸ”—;https://www.vinted.fr/catalog?time=1730660218&catalog%5B%5D=16&brand_ids%5B%5D=75198&page=1
;Pierre Hardy;F;Shoes;Shoes;;;Pierre Hardy-F-Shoes;TRUE;FALSE;ðŸ”—;https://www.vinted.fr/catalog?time=1730914051&order=newest_first&catalog[]=16&brand_ids[]=5761&page=1
;Puma X Rudolf Dassler;F;Shoes;Shoes;;;Puma X Rudolf Dassler-F-Shoes;TRUE;FALSE;ðŸ”—;https://www.vinted.fr/catalog?search_text=Rudolf Dassler&time=1731584294&catalog[]=16&page=1
;Vic MatiÃ©;F;Shoes;Shoes;;;Vic MatiÃ©-F-Shoes;TRUE;FALSE;ðŸ”—;https://www.vinted.fr/catalog?time=1730651056&order=price_low_to_high&currency=EUR&brand_ids%5B%5D=17479&catalog%5B%5D=16&page=1
Bags;;;;;;;;;;;
;Byblos;F;Bags;Bags;;;Byblos-F-Bags;TRUE;FALSE;ðŸ”—;https://www.vinted.fr/catalog?time=1730911393&order=newest_first&catalog[]=19&brand_ids[]=150898&page=1
;Celyn B;F;Bags;Bags;;;Celyn B-F-Bags;TRUE;FALSE;ðŸ”—;https://www.vinted.fr/catalog?time=1730845138&catalog[]=19&brand_ids[]=171284&page=1
;Compagnia Italiana;F;Bags;Bags;;;Compagnia Italiana-F-Bags;TRUE;FALSE;ðŸ”—;https://www.vinted.fr/catalog?time=1730844281&catalog[]=19&brand_ids[]=209548&page=1
;Costume national;F;Bags;Bags;;;Costume national-F-Bags;TRUE;FALSE;ðŸ”—;https://www.vinted.fr/catalog?time=1730651539&order=price_low_to_high&currency=EUR&brand_ids%5B%5D=14101&brand_ids%5B%5D=10249&catalog%5B%5D=19&page=1
;Daniele alessandrini;F;Bags;Bags;;;Daniele alessandrini-F-Bags;TRUE;FALSE;ðŸ”—;https://www.vinted.fr/catalog?time=1730916165&order=newest_first&catalog[]=19&brand_ids[]=331540&page=1
;Double One;F;Bags;Bags;;;Double One-F-Bags;TRUE;FALSE;ðŸ”—;https://www.vinted.fr/catalog?time=1730844540&catalog[]=19&brand_ids[]=17575&page=1
;Gsus;F;Bags;Bags;;;Gsus-F-Bags;TRUE;FALSE;ðŸ”—;https://www.vinted.fr/catalog?time=1730846945&brand_ids[]=12041&catalog[]=19&page=1
;Karen Millen;F;Bags;Bags;;;Karen Millen-F-Bags;TRUE;FALSE;ðŸ”—;https://www.vinted.fr/catalog?time=1730914667&order=newest_first&catalog[]=19&brand_ids[]=4271&page=1
;Killah;F;Bags;Bags;;;Killah-F-Bags;TRUE;FALSE;ðŸ”—;https://www.vinted.fr/catalog?time=1730845415&catalog[]=19&brand_ids[]=2291&page=1
;Le Full;F;Bags;Bags;;;Le Full-F-Bags;TRUE;FALSE;ðŸ”—;https://www.vinted.fr/catalog?time=1730916751&catalog[]=19&brand_ids[]=410185&page=1
;Manila Grace;F;Bags;Bags;;;Manila Grace-F-Bags;TRUE;FALSE;ðŸ”—;https://www.vinted.fr/catalog?time=1730915294&order=newest_first&catalog[]=19&brand_ids[]=73058&page=1
;Mariagrazia Panizzi;F;Bags;Bags;;;Mariagrazia Panizzi-F-Bags;TRUE;FALSE;ðŸ”—;https://www.vinted.fr/catalog?time=1730846238&catalog[]=19&brand_ids[]=6984922&page=1
;MarithÃ© + FranÃ§ois Girbaud;F;Bags;Bags;;;MarithÃ© + FranÃ§ois Girbaud-F-Bags;TRUE;FALSE;ðŸ”—;https://www.vinted.fr/catalog?time=1730644150&order=newest_first&catalog%5B%5D=19&brand_ids%5B%5D=11521&brand_ids%5B%5D=2635&page=1
;Nolita;F;Bags;Bags;;;Nolita-F-Bags;TRUE;FALSE;ðŸ”—;https://www.vinted.fr/catalog?time=1730643728&order=newest_first&brand_ids%5B%5D=6893&catalog%5B%5D=19&page=1
;Paola Frani;F;Bags;Bags;;;Paola Frani-F-Bags;TRUE;FALSE;ðŸ”—;https://www.vinted.fr/catalog?time=1730915724&order=newest_first&catalog[]=19&brand_ids[]=223212&page=1
;Patrizia Pepe;F;Bags;Bags;;;Patrizia Pepe-F-Bags;TRUE;FALSE;ðŸ”—;https://www.vinted.fr/catalog?time=1730645729&order=newest_first&brand_ids%5B%5D=7125&catalog%5B%5D=19&page=1
;PianuraStudio;F;Bags;Bags;;;PianuraStudio-F-Bags;TRUE;FALSE;ðŸ”—;https://www.vinted.fr/catalog?time=1730915636&order=newest_first&catalog[]=19&brand_ids[]=32979&page=1
;Scervino street;F;Bags;Bags;;;Scervino street-F-Bags;TRUE;FALSE;ðŸ”—;https://www.vinted.fr/catalog?time=1730916809&catalog[]=19&brand_ids[]=158414&page=1
;Scrupoli;F;Bags;Bags;;;Scrupoli-F-Bags;TRUE;FALSE;ðŸ”—;https://www.vinted.fr/catalog?time=1730652176&order=price_low_to_high&currency=EUR&catalog%5B%5D=19&brand_ids%5B%5D=524484&page=1
;sonia rykiel;F;Bags;Bags;;;sonia rykiel-F-Bags;TRUE;FALSE;ðŸ”—;https://www.vinted.fr/catalog?time=1730649792&catalog%5B%5D=19&brand_ids%5B%5D=231&page=1
;Specchio;F;Bags;Bags;;;Specchio-F-Bags;TRUE;FALSE;ðŸ”—;https://www.vinted.fr/catalog?time=1730847409&brand_ids[]=104986&catalog[]=19&page=1
;Stefanel;F;Bags;Bags;;;Stefanel-F-Bags;TRUE;FALSE;ðŸ”—;https://www.vinted.fr/catalog?time=1730916223&order=newest_first&catalog[]=19&brand_ids[]=19055&page=1
;Temps des cerises;F;Bags;Bags;;;Temps des cerises-F-Bags;TRUE;FALSE;ðŸ”—;https://www.vinted.fr/catalog?time=1730911643&order=newest_first&catalog[]=19&brand_ids[]=46&brand_ids[]=7797&page=1
;Toy G;F;Bags;Bags;;;Toy G-F-Bags;TRUE;FALSE;ðŸ”—;https://www.vinted.fr/catalog?time=1730914334&order=newest_first&catalog[]=19&brand_ids[]=37701&page=1
;Mandarina Duck;F;;Bags;;;Mandarina Duck-F-Bags;TRUE;FALSE;ðŸ”—;https://www.vinted.fr/catalog?time=1730975809&brand_ids[]=24637&catalog[]=19&page=1
;Giorgio Brato;F;;Bags;;;Giorgio Brato-F-Bags;TRUE;FALSE;ðŸ”—;https://www.vinted.fr/catalog?time=1730975502&catalog[]=19&brand_ids[]=169882&page=1
;Bottega Veneta;F;;Bags;;;Bottega Veneta-F-Bags;TRUE;FALSE;ðŸ”—;https://www.vinted.fr/catalog?time=1730920214&catalog[]=19&brand_ids[]=86972&page=1
;Karine Arabian;F;Bags;Bags;;;Karine Arabian-F-Bags;TRUE;FALSE;ðŸ”—;https://www.vinted.fr/catalog?time=1730844486&catalog[]=19&brand_ids[]=44301&page=1
;Vic MatiÃ©;F;Bags;Bags;;;Vic MatiÃ©-F-Bags;TRUE;FALSE;ðŸ”—;https://www.vinted.fr/catalog?time=1730651003&order=price_low_to_high&currency=EUR&brand_ids%5B%5D=17479&catalog%5B%5D=19&page=1
;Borbonese;F;Bags;Bags;;;Borbonese-F-Bags;TRUE;FALSE;ðŸ”—;https://www.vinted.fr/catalog?time=1730914105&order=newest_first&catalog[]=19&brand_ids[]=275490&page=1
;Francesco Biasia;F;Bags;Bags;;;Francesco Biasia-F-Bags;TRUE;FALSE;ðŸ”—;https://www.vinted.fr/catalog?time=1730914275&order=newest_first&catalog[]=19&brand_ids[]=23283&page=1
;Jamin Puech;F;Bags;Bags;;;Jamin Puech-F-Bags;TRUE;FALSE;ðŸ”—;https://www.vinted.fr/catalog?time=1730651144&order=price_low_to_high&currency=EUR&catalog%5B%5D=19&brand_ids%5B%5D=198174&page=1
;;F;;Bags;;;-F-Bags;FALSE;FALSE;;
Accessories;;;;;;;;;;;
;Byblos;F;Accessories;Accessories;;;Byblos-F-Accessories;TRUE;FALSE;ðŸ”—;https://www.vinted.fr/catalog?time=1730911403&order=newest_first&catalog[]=1187&brand_ids[]=150898&page=1
;Compagnia Italiana;F;Accessories;Accessories;;;Compagnia Italiana-F-Accessories;TRUE;FALSE;ðŸ”—;https://www.vinted.fr/catalog?time=1730844296&catalog[]=1187&brand_ids[]=209548&page=1
;Costume national;F;Accessories;Accessories;;;Costume national-F-Accessories;TRUE;FALSE;ðŸ”—;https://www.vinted.fr/catalog?time=1730651510&order=price_low_to_high&currency=EUR&brand_ids%5B%5D=14101&brand_ids%5B%5D=10249&catalog%5B%5D=1187&page=1
;Daniele alessandrini;F;Accessories;Accessories;;;Daniele alessandrini-F-Accessories;TRUE;FALSE;ðŸ”—;https://www.vinted.fr/catalog?time=1730916175&order=newest_first&catalog[]=1187&brand_ids[]=331540&page=1
;Karen Millen;F;Accessories;Accessories;;;Karen Millen-F-Accessories;TRUE;FALSE;ðŸ”—;https://www.vinted.fr/catalog?time=1730914682&order=newest_first&catalog[]=1187&brand_ids[]=4271&page=1
;Killah;F;Accessories;Accessories;;;Killah-F-Accessories;TRUE;FALSE;ðŸ”—;https://www.vinted.fr/catalog?time=1730845427&catalog[]=1187&brand_ids[]=2291&page=1
;Le Full;F;Accessories;Accessories;;;Le Full-F-Accessories;TRUE;FALSE;ðŸ”—;https://www.vinted.fr/catalog?time=1730916763&catalog[]=1187&brand_ids[]=410185&page=1
;Manila Grace;F;Accessories;Accessories;;;Manila Grace-F-Accessories;TRUE;FALSE;ðŸ”—;https://www.vinted.fr/catalog?time=1730914707&order=newest_first&catalog[]=1187&brand_ids[]=73058&page=1
;Mariagrazia Panizzi;F;Accessories;Accessories;;;Mariagrazia Panizzi-F-Accessories;TRUE;FALSE;ðŸ”—;https://www.vinted.fr/catalog?time=1730846247&catalog[]=1187&brand_ids[]=6984922&page=1
;MarithÃ© + FranÃ§ois Girbaud;F;Accessories;Accessories;;;MarithÃ© + FranÃ§ois Girbaud-F-Accessories;TRUE;FALSE;ðŸ”—;https://www.vinted.fr/catalog?time=1730644121&order=newest_first&catalog%5B%5D=1187&brand_ids%5B%5D=11521&brand_ids%5B%5D=2635&page=1
;Nolita;F;Accessories;Accessories;;;Nolita-F-Accessories;TRUE;FALSE;ðŸ”—;https://www.vinted.fr/catalog?time=1730643768&order=newest_first&brand_ids%5B%5D=6893&catalog%5B%5D=1187&page=1
;Paola Frani;F;Accessories;Accessories;;;Paola Frani-F-Accessories;TRUE;FALSE;ðŸ”—;https://www.vinted.fr/catalog?time=1730915674&order=newest_first&catalog[]=1187&brand_ids[]=223212&page=1
;Patrizia Pepe;F;Accessories;Accessories;;;Patrizia Pepe-F-Accessories;TRUE;FALSE;ðŸ”—;https://www.vinted.fr/catalog?time=1730645753&order=newest_first&brand_ids%5B%5D=7125&catalog%5B%5D=1187&page=1
;PianuraStudio;F;Accessories;Accessories;;;PianuraStudio-F-Accessories;TRUE;FALSE;ðŸ”—;https://www.vinted.fr/catalog?time=1730915645&order=newest_first&catalog[]=1187&brand_ids[]=32979&page=1
;Scervino street;F;Accessories;Accessories;;;Scervino street-F-Accessories;TRUE;FALSE;ðŸ”—;https://www.vinted.fr/catalog?time=1730916779&catalog[]=1187&brand_ids[]=158414&page=1
;Scrupoli;F;Accessories;Accessories;;;Scrupoli-F-Accessories;TRUE;FALSE;ðŸ”—;https://www.vinted.fr/catalog?time=1730652188&order=price_low_to_high&currency=EUR&catalog%5B%5D=1187&brand_ids%5B%5D=524484&page=1
;Stefanel;F;Accessories;Accessories;;;Stefanel-F-Accessories;TRUE;FALSE;ðŸ”—;https://www.vinted.fr/catalog?time=1730916193&order=newest_first&catalog[]=1187&brand_ids[]=19055&page=1
;Temps des cerises;F;Accessories;Accessories;;;Temps des cerises-F-Accessories;TRUE;FALSE;ðŸ”—;https://www.vinted.fr/catalog?time=1730911469&order=newest_first&catalog[]=1187&brand_ids[]=46&brand_ids[]=7797&page=1
;Toy G;F;Accessories;Accessories;;;Toy G-F-Accessories;TRUE;FALSE;ðŸ”—;https://www.vinted.fr/catalog?time=1730914354&order=newest_first&catalog[]=1187&brand_ids[]=37701&page=1
;UNOde50;F;Accessories;Accessories;;;UNOde50-F-Accessories;TRUE;FALSE;ðŸ”—;https://www.vinted.fr/catalog?time=1730845529&brand_ids[]=6901918&brand_ids[]=15495949&catalog[]=1187&page=1
Suits & Blazers;;;;;;;;;;;
;Byblos;F;Clothing;Suits & Blazers;;;Byblos-F-Suits & Blazers;TRUE;FALSE;ðŸ”—;https://www.vinted.fr/catalog?time=1730911241&order=newest_first&catalog[]=8&brand_ids[]=150898&page=1
;Celyn B;F;Clothing;Suits & Blazers;;;Celyn B-F-Suits & Blazers;TRUE;FALSE;ðŸ”—;https://www.vinted.fr/catalog?time=1730844993&catalog[]=8&brand_ids[]=171284&page=1
;Compagnia Italiana;F;Clothing;Suits & Blazers;;;Compagnia Italiana-F-Suits & Blazers;TRUE;FALSE;ðŸ”—;https://www.vinted.fr/catalog?time=1730844251&catalog[]=8&brand_ids[]=209548&page=1
;Costume national;F;Clothing;Suits & Blazers;;;Costume national-F-Suits & Blazers;TRUE;FALSE;ðŸ”—;https://www.vinted.fr/catalog?time=1730651644&order=price_low_to_high&currency=EUR&brand_ids%5B%5D=14101&brand_ids%5B%5D=10249&catalog%5B%5D=8&page=1
;Daniele alessandrini;F;Clothing;Suits & Blazers;;;Daniele alessandrini-F-Suits & Blazers;TRUE;FALSE;ðŸ”—;https://www.vinted.fr/catalog?time=1730916097&order=newest_first&catalog[]=8&brand_ids[]=331540&page=1
;Double One;F;Clothing;Suits & Blazers;;;Double One-F-Suits & Blazers;TRUE;FALSE;ðŸ”—;https://www.vinted.fr/catalog?time=1730844629&catalog[]=8&brand_ids[]=17575&page=1
;Gsus;F;Clothing;Suits & Blazers;;;Gsus-F-Suits & Blazers;TRUE;FALSE;ðŸ”—;https://www.vinted.fr/catalog?time=1730846886&brand_ids[]=12041&catalog[]=8&page=1
;Karen Millen;F;Clothing;Suits & Blazers;;;Karen Millen-F-Suits & Blazers;TRUE;FALSE;ðŸ”—;https://www.vinted.fr/catalog?time=1730914574&order=newest_first&catalog[]=8&brand_ids[]=4271&page=1
;Killah;F;Clothing;Suits & Blazers;;;Killah-F-Suits & Blazers;TRUE;FALSE;ðŸ”—;https://www.vinted.fr/catalog?time=1730845297&catalog[]=8&brand_ids[]=2291&page=1
;Kosmika;F;Clothing;Suits & Blazers;;;Kosmika-F-Suits & Blazers;TRUE;FALSE;ðŸ”—;https://www.vinted.fr/catalog?time=1730843687&catalog[]=8&brand_ids[]=2097&page=1
;Le Full;F;Clothing;Suits & Blazers;;;Le Full-F-Suits & Blazers;TRUE;FALSE;ðŸ”—;https://www.vinted.fr/catalog?time=1730916678&catalog[]=8&brand_ids[]=410185&page=1
;Manila Grace;F;Clothing;Suits & Blazers;;;Manila Grace-F-Suits & Blazers;TRUE;FALSE;ðŸ”—;https://www.vinted.fr/catalog?time=1730915360&order=newest_first&catalog[]=8&brand_ids[]=73058&page=1
;Mariagrazia Panizzi;F;Clothing;Suits & Blazers;;;Mariagrazia Panizzi-F-Suits & Blazers;TRUE;FALSE;ðŸ”—;https://www.vinted.fr/catalog?time=1730846139&catalog[]=8&brand_ids[]=6984922&page=1
;MarithÃ© + FranÃ§ois Girbaud;F;Clothing;Suits & Blazers;;;MarithÃ© + FranÃ§ois Girbaud-F-Suits & Blazers;TRUE;FALSE;ðŸ”—;https://www.vinted.fr/catalog?time=1730644270&order=newest_first&catalog%5B%5D=8&brand_ids%5B%5D=11521&brand_ids%5B%5D=2635&page=1
;Nolita;F;Clothing;Suits & Blazers;;;Nolita-F-Suits & Blazers;TRUE;FALSE;ðŸ”—;https://www.vinted.fr/catalog?time=1730643207&order=newest_first&brand_ids%5B%5D=6893&catalog%5B%5D=8&page=1
;Oakley;F;Clothing;Suits & Blazers;;;Oakley-F-Suits & Blazers;TRUE;FALSE;ðŸ”—;https://www.vinted.fr/catalog?time=1730646866&order=newest_first&catalog%5B%5D=8&brand_ids%5B%5D=13197&brand_ids%5B%5D=5569523&brand_ids%5B%5D=6414907&currency=EUR&page=1
;Paola Frani;F;Clothing;Suits & Blazers;;;Paola Frani-F-Suits & Blazers;TRUE;FALSE;ðŸ”—;https://www.vinted.fr/catalog?time=1730915770&order=newest_first&catalog[]=8&brand_ids[]=223212&page=1
;Patrizia Pepe;F;Clothing;Suits & Blazers;;;Patrizia Pepe-F-Suits & Blazers;TRUE;FALSE;ðŸ”—;https://www.vinted.fr/catalog?time=1730645478&order=newest_first&brand_ids%5B%5D=7125&catalog%5B%5D=8&page=1
;PianuraStudio;F;Clothing;Suits & Blazers;;;PianuraStudio-F-Suits & Blazers;TRUE;FALSE;ðŸ”—;https://www.vinted.fr/catalog?time=1730915585&order=newest_first&catalog[]=8&brand_ids[]=32979&page=1
;Scervino street;F;Clothing;Suits & Blazers;;;Scervino street-F-Suits & Blazers;TRUE;FALSE;ðŸ”—;https://www.vinted.fr/catalog?time=1730916848&catalog[]=8&brand_ids[]=158414&page=1
;Scrupoli;F;Clothing;Suits & Blazers;;;Scrupoli-F-Suits & Blazers;TRUE;FALSE;ðŸ”—;https://www.vinted.fr/catalog?time=1730652060&order=price_low_to_high&currency=EUR&catalog%5B%5D=8&brand_ids%5B%5D=524484&page=1
;Specchio;F;Clothing;Suits & Blazers;;;Specchio-F-Suits & Blazers;TRUE;FALSE;ðŸ”—;https://www.vinted.fr/catalog?time=1730847319&brand_ids[]=104986&catalog[]=8&page=1
;Stefanel;F;Clothing;Suits & Blazers;;;Stefanel-F-Suits & Blazers;TRUE;FALSE;ðŸ”—;https://www.vinted.fr/catalog?time=1730916264&order=newest_first&catalog[]=8&brand_ids[]=19055&page=1
;Temps des cerises;F;Clothing;Suits & Blazers;;;Temps des cerises-F-Suits & Blazers;TRUE;FALSE;ðŸ”—;https://www.vinted.fr/catalog?time=1730911559&order=newest_first&catalog[]=8&brand_ids[]=46&brand_ids[]=7797&page=1
;Toy G;F;Clothing;Suits & Blazers;;;Toy G-F-Suits & Blazers;TRUE;FALSE;ðŸ”—;https://www.vinted.fr/catalog?time=1730914420&order=newest_first&catalog[]=8&brand_ids[]=37701&page=1
;Yes Miss;F;Clothing;Suits & Blazers;;;Yes Miss-F-Suits & Blazers;TRUE;FALSE;ðŸ”—;https://www.vinted.fr/catalog?time=1730912278&order=newest_first&catalog[]=8&brand_ids[]=111732&page=1
;Ungaro;F;;Suits & Blazers;;;Ungaro-F-Suits & Blazers;TRUE;FALSE;ðŸ”—;https://www.vinted.fr/catalog?time=1730976330&catalog[]=8&brand_ids[]=16469&page=1
Jeans;;;;;;;;;;;
;Byblos;F;Clothing;Jeans;;;Byblos-F-Jeans;TRUE;FALSE;ðŸ”—;https://www.vinted.fr/catalog?time=1730911308&order=newest_first&catalog[]=183&brand_ids[]=150898&page=1
;Celyn B;F;Clothing;Jeans;;;Celyn B-F-Jeans;TRUE;FALSE;ðŸ”—;https://www.vinted.fr/catalog?time=1730844820&catalog[]=183&brand_ids[]=171284&page=1
;Compagnia Italiana;F;Clothing;Jeans;;;Compagnia Italiana-F-Jeans;TRUE;FALSE;ðŸ”—;https://www.vinted.fr/catalog?time=1730844267&catalog[]=183&brand_ids[]=209548&page=1
;Costume national;F;Clothing;Jeans;;;Costume national-F-Jeans;TRUE;FALSE;ðŸ”—;https://www.vinted.fr/catalog?time=1730651581&order=price_low_to_high&currency=EUR&brand_ids%5B%5D=14101&brand_ids%5B%5D=10249&catalog%5B%5D=183&page=1
;Daniele alessandrini;F;Clothing;Jeans;;;Daniele alessandrini-F-Jeans;TRUE;FALSE;ðŸ”—;https://www.vinted.fr/catalog?time=1730916043&order=newest_first&catalog[]=183&brand_ids[]=331540&page=1
;Double One;F;Clothing;Jeans;;;Double One-F-Jeans;TRUE;FALSE;ðŸ”—;https://www.vinted.fr/catalog?time=1730844787&catalog[]=183&brand_ids[]=17575&page=1
;Gsus;F;Clothing;Jeans;;;Gsus-F-Jeans;TRUE;FALSE;ðŸ”—;https://www.vinted.fr/catalog?time=1730846901&brand_ids[]=12041&catalog[]=183&page=1
;Helmut Lang;F;;Jeans;;;Helmut Lang-F-Jeans;TRUE;FALSE;ðŸ”—;https://www.vinted.fr/catalog?time=1730975591&catalog[]=183&brand_ids[]=47829&page=1
;Karen Millen;F;Clothing;Jeans;;;Karen Millen-F-Jeans;TRUE;FALSE;ðŸ”—;https://www.vinted.fr/catalog?time=1730914633&order=newest_first&catalog[]=183&brand_ids[]=4271&page=1
;Killah;F;Clothing;Jeans;;;Killah-F-Jeans;TRUE;FALSE;ðŸ”—;https://www.vinted.fr/catalog?time=1730845373&catalog[]=183&brand_ids[]=2291&page=1
;Kosmika;F;Clothing;Jeans;;;Kosmika-F-Jeans;TRUE;FALSE;ðŸ”—;https://www.vinted.fr/catalog?time=1730843705&catalog[]=183&brand_ids[]=2097&page=1
;Le Full;F;Clothing;Jeans;;;Le Full-F-Jeans;TRUE;FALSE;ðŸ”—;https://www.vinted.fr/catalog?time=1730916716&catalog[]=183&brand_ids[]=410185&page=1
;Manila Grace;F;Clothing;Jeans;;;Manila Grace-F-Jeans;TRUE;FALSE;ðŸ”—;https://www.vinted.fr/catalog?time=1730915327&order=newest_first&catalog[]=183&brand_ids[]=73058&page=1
;Mariagrazia Panizzi;F;Clothing;Jeans;;;Mariagrazia Panizzi-F-Jeans;TRUE;FALSE;ðŸ”—;https://www.vinted.fr/catalog?time=1730846202&catalog[]=183&brand_ids[]=6984922&page=1
;MarithÃ© + FranÃ§ois Girbaud;F;Clothing;Jeans;;;MarithÃ© + FranÃ§ois Girbaud-F-Jeans;TRUE;FALSE;ðŸ”—;https://www.vinted.fr/catalog?time=1730644206&order=newest_first&catalog%5B%5D=183&brand_ids%5B%5D=11521&brand_ids%5B%5D=2635&page=1
;Nolita;F;Clothing;Jeans;;;Nolita-F-Jeans;TRUE;FALSE;ðŸ”—;https://www.vinted.fr/catalog?time=1730643611&order=newest_first&brand_ids%5B%5D=6893&catalog%5B%5D=183&page=1
;Oakley;F;Clothing;Jeans;;;Oakley-F-Jeans;TRUE;FALSE;ðŸ”—;https://www.vinted.fr/catalog?time=1730646940&order=newest_first&catalog%5B%5D=183&brand_ids%5B%5D=13197&brand_ids%5B%5D=5569523&brand_ids%5B%5D=6414907&currency=EUR&page=1
;Paola Frani;F;Clothing;Jeans;;;Paola Frani-F-Jeans;TRUE;FALSE;ðŸ”—;https://www.vinted.fr/catalog?time=1730915834&order=newest_first&catalog[]=183&brand_ids[]=223212&page=1
;Patrizia Pepe;F;Clothing;Jeans;;;Patrizia Pepe-F-Jeans;TRUE;FALSE;ðŸ”—;https://www.vinted.fr/catalog?time=1730645541&order=newest_first&brand_ids%5B%5D=7125&catalog%5B%5D=183&page=1
;PianuraStudio;F;Clothing;Jeans;;;PianuraStudio-F-Jeans;TRUE;FALSE;ðŸ”—;https://www.vinted.fr/catalog?time=1730915612&order=newest_first&catalog[]=183&brand_ids[]=32979&page=1
;Rick Owens;F;;Jeans;;;Rick Owens-F-Jeans;TRUE;FALSE;ðŸ”—;https://www.vinted.fr/catalog?time=1730976259&catalog[]=183&brand_ids[]=145654&page=1
;Scervino street;F;Clothing;Jeans;;;Scervino street-F-Jeans;TRUE;FALSE;ðŸ”—;https://www.vinted.fr/catalog?time=1730916892&catalog[]=183&brand_ids[]=158414&page=1
;Scrupoli;F;Clothing;Jeans;;;Scrupoli-F-Jeans;TRUE;FALSE;ðŸ”—;https://www.vinted.fr/catalog?time=1730652098&order=price_low_to_high&currency=EUR&catalog%5B%5D=183&brand_ids%5B%5D=524484&page=1
;Specchio;F;Clothing;Jeans;;;Specchio-F-Jeans;TRUE;FALSE;ðŸ”—;https://www.vinted.fr/catalog?time=1730847372&brand_ids[]=104986&catalog[]=183&page=1
;Stefanel;F;Clothing;Jeans;;;Stefanel-F-Jeans;TRUE;FALSE;ðŸ”—;https://www.vinted.fr/catalog?time=1730916320&order=newest_first&catalog[]=183&brand_ids[]=19055&page=1
;Temps des cerises;F;Clothing;Jeans;;;Temps des cerises-F-Jeans;TRUE;FALSE;ðŸ”—;https://www.vinted.fr/catalog?time=1730911623&order=newest_first&catalog[]=183&brand_ids[]=46&brand_ids[]=7797&page=1
;Toy G;F;Clothing;Jeans;;;Toy G-F-Jeans;TRUE;FALSE;ðŸ”—;https://www.vinted.fr/catalog?time=1730914480&order=newest_first&catalog[]=183&brand_ids[]=37701&page=1
;Yes Miss;F;Clothing;Jeans;;;Yes Miss-F-Jeans;TRUE;FALSE;ðŸ”—;https://www.vinted.fr/catalog?time=1730912332&order=newest_first&catalog[]=183&brand_ids[]=111732&page=1
;Parasuco;F;;Jeans;;;Parasuco-F-Jeans;TRUE;FALSE;ðŸ”—;https://www.vinted.fr/catalog?time=1730976039&catalog[]=183&brand_ids[]=197072&page=1
;ENERGIE;F;;Jeans;;;ENERGIE-F-Jeans;TRUE;FALSE;ðŸ”—;https://www.vinted.fr/catalog?time=1730920812&brand_ids[]=15985&catalog[]=183&page=1
Jewelery;;;;;;;;;;;
;Christian Lacroix;F;;Jewelery;;;Christian Lacroix-F-Jewelery;TRUE;FALSE;ðŸ”—;https://www.vinted.fr/catalog?time=1730920338&catalog[]=21&brand_ids[]=2963&page=1
Coats;;;;;;;;;;;
;Compagnia Italiana;F;Clothing;Coats;;;Compagnia Italiana-F-Coats;TRUE;FALSE;ðŸ”—;https://www.vinted.fr/catalog?time=1730844209&catalog[]=1907&brand_ids[]=209548&page=1
;Costume national;F;Clothing;Coats;;;Costume national-F-Coats;TRUE;FALSE;ðŸ”—;https://www.vinted.fr/catalog?time=1730651782&order=price_low_to_high&currency=EUR&brand_ids%5B%5D=14101&brand_ids%5B%5D=10249&catalog%5B%5D=1907&page=1
;MarithÃ© + FranÃ§ois Girbaud;F;Clothing;Coats;;;MarithÃ© + FranÃ§ois Girbaud-F-Coats;TRUE;FALSE;ðŸ”—;https://www.vinted.fr/catalog?time=1730644323&order=newest_first&catalog%5B%5D=1907&brand_ids%5B%5D=11521&brand_ids%5B%5D=2635&page=1
;Nolita;F;Clothing;Coats;;;Nolita-F-Coats;TRUE;FALSE;ðŸ”—;https://www.vinted.fr/catalog?time=1730642776&order=newest_first&catalog%5B%5D=1907&brand_ids%5B%5D=6893&page=1
;Oakley;F;Clothing;Coats;;;Oakley-F-Coats;TRUE;FALSE;ðŸ”—;https://www.vinted.fr/catalog?time=1730646774&order=newest_first&catalog%5B%5D=1907&brand_ids%5B%5D=13197&brand_ids%5B%5D=5569523&brand_ids%5B%5D=6414907&currency=EUR&page=1
;Patrizia Pepe;F;Clothing;Coats;;;Patrizia Pepe-F-Coats;TRUE;FALSE;ðŸ”—;https://www.vinted.fr/catalog?time=1730645388&order=newest_first&catalog%5B%5D=1907&brand_ids%5B%5D=7125&page=1
Gilets & Bodywarmers;;;;;;;;;;;
;Compagnia Italiana;F;Clothing;Gilets & Bodywarmers;;;Compagnia Italiana-F-Gilets & Bodywarmers;TRUE;FALSE;ðŸ”—;https://www.vinted.fr/catalog?time=1730844221&catalog[]=2524&brand_ids[]=209548&page=1
;Costume national;F;Clothing;Gilets & Bodywarmers;;;Costume national-F-Gilets & Bodywarmers;TRUE;FALSE;ðŸ”—;https://www.vinted.fr/catalog?time=1730651760&order=price_low_to_high&currency=EUR&brand_ids%5B%5D=14101&brand_ids%5B%5D=10249&catalog%5B%5D=2524&page=1
;MarithÃ© + FranÃ§ois Girbaud;F;Clothing;Gilets & Bodywarmers;;;MarithÃ© + FranÃ§ois Girbaud-F-Gilets & Bodywarmers;TRUE;FALSE;ðŸ”—;https://www.vinted.fr/catalog?time=1730644308&order=newest_first&catalog%5B%5D=2524&brand_ids%5B%5D=11521&brand_ids%5B%5D=2635&page=1
;Nolita;F;Clothing;Gilets & Bodywarmers;;;Nolita-F-Gilets & Bodywarmers;TRUE;FALSE;ðŸ”—;https://www.vinted.fr/catalog?time=1730642993&order=newest_first&catalog%5B%5D=2524&brand_ids%5B%5D=6893&page=1
;Patrizia Pepe;F;Clothing;Gilets & Bodywarmers;;;Patrizia Pepe-F-Gilets & Bodywarmers;TRUE;FALSE;ðŸ”—;https://www.vinted.fr/catalog?time=1730645403&order=newest_first&catalog%5B%5D=2524&brand_ids%5B%5D=7125&page=1
Hats;;;;;;;;;;;
;Francesco Biasia;F;Accessories;Hats;;;Francesco Biasia-F-Hats;TRUE;FALSE;ðŸ”—;https://www.vinted.fr/catalog?time=1730914234&order=newest_first&catalog[]=88&brand_ids[]=23283&page=1
;Celine;F;Accessories;Hats;;;Celine-F-Hats;TRUE;FALSE;ðŸ”—;https://www.vinted.fr/catalog?time=1730639283&order=newest_first&brand_ids%5B%5D=1443&catalog%5B%5D=231&page=1
;Celine Robert;F;Accessories;Hats;;;Celine Robert-F-Hats;TRUE;FALSE;ðŸ”—;https://www.vinted.fr/catalog?time=1730914170&order=newest_first&catalog[]=88&brand_ids[]=267051&page=1
Boot;;;;;;;;;;;
;Celine;F;Shoes;Boot;;200,00Â â‚¬;Celine-F-Boot;TRUE;FALSE;ðŸ”—;https://www.vinted.fr/catalog?disabled_personalization=true&order=relevance&search_start_type=item_page_summary_brand&time=1731588164&brand_ids[]=1443&catalog[]=1049&price_to=200&currency=EUR&page=1
Shoulderbags;;;;;;;;;;;
;Fendi;F;Bags;Shoulderbags;;;Fendi-F-Shoulderbags;TRUE;FALSE;ðŸ”—;https://www.vinted.fr/catalog?time=1730920840&brand_ids[]=1189&catalog[]=158&page=1
Dress;;;;;;;;;;;
;VÃ©ronique Branquinho;F;Clothing;Dress;;;VÃ©ronique Branquinho-F-Dress;FALSE;FALSE;;
(blank);;;;;;;;;;;
;Michiko Koshino;F;;;;;Michiko Koshino-F-;FALSE;FALSE;;
;MarithÃ© + FranÃ§ois Girbaud;F;;;;;MarithÃ© + FranÃ§ois Girbaud-F-;FALSE;FALSE;;
;Anrealage;F;;;;;Anrealage-F-;FALSE;FALSE;;
;Atsuro Tayama;F;ALL;;;;Atsuro Tayama-F-;TRUE;FALSE;;https://www.vinted.fr/catalog?time=1730648207&catalog%5B%5D=1904&brand_ids%5B%5D=269044&page=1
;Attachement;F;;;;;Attachement-F-;FALSE;FALSE;;
;Colcci;F;;;;;Colcci-F-;FALSE;FALSE;;
;Collection PrivÃ©e;F;;;;;Collection PrivÃ©e-F-;FALSE;FALSE;;
;Comme des GarÃ§ons;F;;;;;Comme des GarÃ§ons-F-;FALSE;FALSE;;
;Cyberdog;F;;;;;Cyberdog-F-;FALSE;FALSE;;
;Dior;F;;;;;Dior-F-;FALSE;FALSE;;
;Ducati;F;;;;;Ducati-F-;FALSE;FALSE;;
;Facetasm;F;;;;;Facetasm-F-;FALSE;FALSE;;
;Goa;F;;;;;Goa-F-;FALSE;FALSE;;
;Hiroko Koshino;F;;;;;Hiroko Koshino-F-;FALSE;FALSE;;
;If Six Was Nine;F&M;ALL;;;;If Six Was Nine-F&M-;TRUE;FALSE;;https://www.vinted.fr/catalog?time=1730220247&order=newest_first&currency=EUR&brand_ids[]=1408594&page=1
;Issey Miyake;F;;;;;Issey Miyake-F-;FALSE;FALSE;;
;Kapital;F;;;;;Kapital-F-;FALSE;FALSE;;
;Kowalski;F;;;;;Kowalski-F-;FALSE;FALSE;;
;Limi Feu;F;;;;;Limi Feu-F-;FALSE;FALSE;;
;Maharishi;F;;;;;Maharishi-F-;FALSE;FALSE;;
;Marc Jacobs;F;;;;;Marc Jacobs-F-;FALSE;FALSE;;
;Mihara Yasuhiro;F;;;;;Mihara Yasuhiro-F-;FALSE;FALSE;;
;MM6;F;;;;;MM6-F-;FALSE;FALSE;;
;Moschino;F;;;;;Moschino-F-;FALSE;FALSE;;
;Mugler;F;;;;;Mugler-F-;FALSE;FALSE;;
;Paul Smith Women;F;;;;;Paul Smith Women-F-;FALSE;FALSE;;
;Romeo Gigli;F;;;;;Romeo Gigli-F-;FALSE;FALSE;;
;Route 66;F;;;;;Route 66-F-;FALSE;FALSE;;
;Sabotage;F;;;;;Sabotage-F-;FALSE;FALSE;;
;Share Spirit;F;;;;;Share Spirit-F-;FALSE;FALSE;;
;Tsumori Chisato;F;;;;;Tsumori Chisato-F-;FALSE;FALSE;;
;UFO;F;;;;;UFO-F-;FALSE;FALSE;;
;Undercover;F;;;;;Undercover-F-;FALSE;FALSE;;
;Walter Steiger;F;;;;;Walter Steiger-F-;FALSE;FALSE;;
;Y-3;F;;;;;Y-3-F-;FALSE;FALSE;;
;Yohji Yamamoto;F;;;;;Yohji Yamamoto-F-;FALSE;FALSE;;
;Zucca;F;;;;;Zucca-F-;FALSE;FALSE;;